"AMZN","385.66","2015-03-03","09:28:45","1402"
"AMZN","385.66","2015-03-03","09:29:48","1402"
"AMZN","385.66","2015-03-03","09:30:49","1402"
"AMZN","385.66","2015-03-03","09:31:50","2152"
"AMZN","385.66","2015-03-03","09:32:54","2152"
"AMZN","385.66","2015-03-03","09:33:55","2152"
"AMZN","385.66","2015-03-03","09:34:59","2152"
"AMZN","385.66","2015-03-03","09:36:00","2152"
"AMZN","385.66","2015-03-03","09:37:00","2152"
"AMZN","385.66","2015-03-03","09:38:02","2152"
"AMZN","385.66","2015-03-03","09:39:03","2252"
"AMZN","385.66","2015-03-03","09:40:05","2452"
"AMZN","385.66","2015-03-03","09:41:06","2452"
"AMZN","385.66","2015-03-03","09:42:07","2452"
"AMZN","385.66","2015-03-03","09:43:30","2902"
"AMZN","385.66","2015-03-03","09:44:30","2902"
"AMZN","383.53","2015-03-03","09:45:31","45983"
"AMZN","383.96","2015-03-03","09:46:32","60737"
"AMZN","383.97","2015-03-03","09:47:33","68574"
"AMZN","383.92","2015-03-03","09:48:33","84810"
"AMZN","383.89","2015-03-03","09:49:34","103489"
"AMZN","383.90","2015-03-03","09:50:35","118664"
"AMZN","383.65","2015-03-03","09:51:36","125690"
"AMZN","383.09","2015-03-03","09:52:39","160966"
"AMZN","383.11","2015-03-03","09:53:43","169113"
"AMZN","383.01","2015-03-03","09:54:51","177506"
"AMZN","382.95","2015-03-03","09:55:54","182877"
"AMZN","382.50","2015-03-03","09:56:56","200485"
"AMZN","382.27","2015-03-03","09:58:02","220256"
"AMZN","382.26","2015-03-03","09:59:03","237168"
"AMZN","383.16","2015-03-03","10:00:19","243502"
"AMZN","382.88","2015-03-03","10:01:19","251889"
"AMZN","382.59","2015-03-03","10:02:21","257059"
"AMZN","382.95","2015-03-03","10:03:22","260418"
"AMZN","383.12","2015-03-03","10:04:23","269428"
"AMZN","382.31","2015-03-03","10:05:23","282581"
"AMZN","382.62","2015-03-03","10:06:24","288822"
"AMZN","383.19","2015-03-03","10:07:25","295741"
"AMZN","383.13","2015-03-03","10:08:25","301398"
"AMZN","382.96","2015-03-03","10:09:27","308198"
"AMZN","382.89","2015-03-03","10:10:27","312750"
"AMZN","382.86","2015-03-03","10:11:32","320410"
"AMZN","382.74","2015-03-03","10:12:33","331875"
"AMZN","383.04","2015-03-03","10:13:33","344263"
"AMZN","383.19","2015-03-03","10:14:34","347344"
"AMZN","383.38","2015-03-03","10:15:34","357204"
"AMZN","383.37","2015-03-03","10:16:40","364628"
"AMZN","383.15","2015-03-03","10:17:41","373334"
"AMZN","383.65","2015-03-03","10:18:41","381214"
"AMZN","383.65","2015-03-03","10:19:42","387125"
"AMZN","384.01","2015-03-03","10:20:42","402680"
"AMZN","384.47","2015-03-03","10:21:43","414353"
"AMZN","385.30","2015-03-03","10:22:43","464155"
"AMZN","385.23","2015-03-03","10:23:44","478416"
"AMZN","385.30","2015-03-03","10:24:44","489615"
"AMZN","385.80","2015-03-03","10:25:45","528069"
"AMZN","385.90","2015-03-03","10:26:46","540705"
"AMZN","385.55","2015-03-03","10:27:46","556678"
"AMZN","385.29","2015-03-03","10:28:47","567889"
"AMZN","385.40","2015-03-03","10:29:47","585427"
"AMZN","385.18","2015-03-03","10:30:48","600337"
"AMZN","384.99","2015-03-03","10:31:49","622480"
"AMZN","385.04","2015-03-03","10:32:49","647026"
"AMZN","385.20","2015-03-03","10:33:49","652561"
"AMZN","385.45","2015-03-03","10:34:50","657664"
"AMZN","385.12","2015-03-03","10:35:50","664330"
"AMZN","385.11","2015-03-03","10:36:51","665977"
"AMZN","384.95","2015-03-03","10:37:52","667805"
"AMZN","384.36","2015-03-03","10:38:52","676909"
"AMZN","384.64","2015-03-03","10:40:11","687072"
"AMZN","384.38","2015-03-03","10:41:13","691863"
"AMZN","384.51","2015-03-03","10:42:13","694671"
"AMZN","384.18","2015-03-03","10:43:14","700783"
"AMZN","384.15","2015-03-03","10:44:29","706486"
"AMZN","383.88","2015-03-03","10:45:29","725766"
"AMZN","384.02","2015-03-03","10:46:43","733482"
"AMZN","384.20","2015-03-03","10:47:44","736537"
"AMZN","384.07","2015-03-03","10:49:06","741501"
"AMZN","384.08","2015-03-03","10:50:06","741762"
"AMZN","383.80","2015-03-03","10:51:16","752112"
"AMZN","384.07","2015-03-03","10:52:16","768395"
"AMZN","383.99","2015-03-03","10:53:17","773075"
"AMZN","384.00","2015-03-03","10:54:17","776876"
"AMZN","383.96","2015-03-03","10:55:18","779950"
"AMZN","383.90","2015-03-03","10:56:47","784409"
"AMZN","384.16","2015-03-03","10:57:47","793652"
"AMZN","384.18","2015-03-03","10:58:48","797787"
"AMZN","384.26","2015-03-03","10:59:49","798590"
"AMZN","384.40","2015-03-03","11:00:49","801198"
"AMZN","384.53","2015-03-03","11:01:52","808105"
"AMZN","384.52","2015-03-03","11:02:53","814748"
"AMZN","384.78","2015-03-03","11:03:54","821906"
"AMZN","384.78","2015-03-03","11:04:54","827747"
"AMZN","384.84","2015-03-03","11:05:55","832843"
"AMZN","384.59","2015-03-03","11:06:55","838442"
"AMZN","384.45","2015-03-03","11:07:57","841747"
"AMZN","384.29","2015-03-03","11:08:58","842694"
"AMZN","383.90","2015-03-03","11:09:58","848848"
"AMZN","383.66","2015-03-03","11:10:59","852187"
"AMZN","383.75","2015-03-03","11:12:00","858611"
"AMZN","383.48","2015-03-03","11:13:00","867312"
"AMZN","383.60","2015-03-03","11:14:01","870508"
"AMZN","383.66","2015-03-03","11:15:02","872323"
"AMZN","383.40","2015-03-03","11:16:02","874514"
"AMZN","383.59","2015-03-03","11:17:03","877659"
"AMZN","383.69","2015-03-03","11:18:07","878679"
"AMZN","383.33","2015-03-03","11:19:07","890738"
"AMZN","383.11","2015-03-03","11:20:13","892375"
"AMZN","383.02","2015-03-03","11:21:13","894199"
"AMZN","383.23","2015-03-03","11:22:14","896357"
"AMZN","383.30","2015-03-03","11:23:15","902662"
"AMZN","383.04","2015-03-03","11:24:15","905484"
"AMZN","383.12","2015-03-03","11:25:16","906531"
"AMZN","382.96","2015-03-03","11:26:16","912612"
"AMZN","382.75","2015-03-03","11:27:17","915556"
"AMZN","382.87","2015-03-03","11:28:17","918676"
"AMZN","382.70","2015-03-03","11:29:18","922487"
"AMZN","382.88","2015-03-03","11:30:19","923828"
"AMZN","383.17","2015-03-03","11:31:20","927000"
"AMZN","383.65","2015-03-03","11:32:21","929249"
"AMZN","383.64","2015-03-03","11:33:22","931410"
"AMZN","383.54","2015-03-03","11:34:22","940324"
"AMZN","383.55","2015-03-03","11:35:23","943200"
"AMZN","383.58","2015-03-03","11:36:32","946422"
"AMZN","383.61","2015-03-03","11:37:33","948822"
"AMZN","383.73","2015-03-03","11:38:33","958394"
"AMZN","383.59","2015-03-03","11:39:34","969573"
"AMZN","383.72","2015-03-03","11:40:34","973313"
"AMZN","383.43","2015-03-03","11:41:35","976667"
"AMZN","383.13","2015-03-03","11:42:36","978077"
"AMZN","383.16","2015-03-03","11:43:41","978669"
"AMZN","382.78","2015-03-03","11:44:43","992312"
"AMZN","382.92","2015-03-03","11:45:53","993605"
"AMZN","382.80","2015-03-03","11:46:54","994908"
"AMZN","382.65","2015-03-03","11:47:55","996682"
"AMZN","382.70","2015-03-03","11:49:05","1005261"
"AMZN","382.44","2015-03-03","11:50:05","1013012"
"AMZN","382.58","2015-03-03","11:51:06","1015824"
"AMZN","382.59","2015-03-03","11:52:06","1019475"
"AMZN","382.79","2015-03-03","11:53:07","1019811"
"AMZN","383.12","2015-03-03","12:24:47","1104026"
"AMZN","383.04","2015-03-03","12:25:49","1105849"
"AMZN","382.92","2015-03-03","12:26:49","1106301"
"AMZN","382.84","2015-03-03","12:27:50","1111210"
"AMZN","382.86","2015-03-03","12:28:50","1111680"
"AMZN","382.68","2015-03-03","12:29:51","1113118"
"AMZN","382.89","2015-03-03","12:30:51","1119194"
"AMZN","383.06","2015-03-03","12:31:52","1121786"
"AMZN","382.94","2015-03-03","12:32:53","1123139"
"AMZN","382.88","2015-03-03","12:33:53","1124271"
"AMZN","382.76","2015-03-03","12:35:06","1125117"
"AMZN","382.85","2015-03-03","12:36:06","1126483"
"AMZN","382.62","2015-03-03","12:37:07","1128493"
"AMZN","382.84","2015-03-03","12:38:07","1129779"
"AMZN","382.70","2015-03-03","12:39:08","1130590"
"AMZN","382.86","2015-03-03","12:40:08","1130999"
"AMZN","382.40","2015-03-03","12:41:08","1138775"
"AMZN","382.31","2015-03-03","12:42:16","1140147"
"AMZN","382.42","2015-03-03","12:43:16","1140652"
"AMZN","382.44","2015-03-03","12:44:17","1154034"
"AMZN","382.50","2015-03-03","12:45:17","1161270"
"AMZN","382.19","2015-03-03","12:46:17","1169564"
"AMZN","382.22","2015-03-03","12:47:18","1180535"
"AMZN","382.17","2015-03-03","12:48:19","1185074"
"AMZN","382.30","2015-03-03","12:49:19","1196056"
"AMZN","382.46","2015-03-03","12:50:20","1198531"
"AMZN","382.44","2015-03-03","12:51:20","1199027"
"AMZN","382.95","2015-03-03","12:52:21","1200950"
"AMZN","383.13","2015-03-03","12:53:22","1205310"
"AMZN","383.10","2015-03-03","12:54:22","1205847"
"AMZN","382.97","2015-03-03","12:55:23","1208099"
"AMZN","382.80","2015-03-03","12:56:23","1208477"
"AMZN","382.82","2015-03-03","12:57:24","1210341"
"AMZN","382.99","2015-03-03","12:58:24","1211157"
"AMZN","383.08","2015-03-03","12:59:25","1212243"
"AMZN","383.25","2015-03-03","13:00:25","1213707"
"AMZN","383.21","2015-03-03","13:01:26","1219243"
"AMZN","383.21","2015-03-03","13:02:26","1222579"
"AMZN","383.20","2015-03-03","13:03:27","1223609"
"AMZN","383.20","2015-03-03","13:04:28","1223725"
"AMZN","383.15","2015-03-03","13:05:28","1224342"
"AMZN","383.53","2015-03-03","13:06:29","1225721"
"AMZN","383.54","2015-03-03","13:07:31","1228813"
"AMZN","383.70","2015-03-03","13:08:31","1230888"
"AMZN","383.69","2015-03-03","13:09:32","1232118"
"AMZN","383.59","2015-03-03","13:10:32","1233137"
"AMZN","383.80","2015-03-03","13:11:33","1234582"
"AMZN","384.05","2015-03-03","13:12:33","1238484"
"AMZN","383.89","2015-03-03","13:13:34","1239948"
"AMZN","383.96","2015-03-03","13:14:35","1241299"
"AMZN","384.16","2015-03-03","13:15:35","1245332"
"AMZN","384.32","2015-03-03","13:16:36","1251080"
"AMZN","384.33","2015-03-03","13:17:36","1253064"
"AMZN","383.93","2015-03-03","13:18:36","1257326"
"AMZN","383.90","2015-03-03","13:19:37","1258926"
"AMZN","383.76","2015-03-03","13:20:37","1260859"
"AMZN","383.82","2015-03-03","13:21:38","1262898"
"AMZN","383.68","2015-03-03","13:22:38","1263192"
"AMZN","383.75","2015-03-03","13:23:39","1263813"
"AMZN","383.73","2015-03-03","13:24:40","1265229"
"AMZN","383.88","2015-03-03","13:25:42","1266276"
"AMZN","384.03","2015-03-03","13:26:43","1267617"
"AMZN","383.91","2015-03-03","13:27:43","1268003"
"AMZN","383.77","2015-03-03","13:28:43","1268583"
"AMZN","383.79","2015-03-03","13:29:44","1269450"
"AMZN","383.96","2015-03-03","13:30:45","1270861"
"AMZN","383.78","2015-03-03","13:31:45","1272881"
"AMZN","383.69","2015-03-03","13:32:46","1274576"
"AMZN","383.75","2015-03-03","13:33:48","1275202"
"AMZN","383.67","2015-03-03","13:34:48","1275430"
"AMZN","383.67","2015-03-03","13:35:49","1275633"
"AMZN","383.80","2015-03-03","13:36:51","1277335"
"AMZN","383.80","2015-03-03","13:37:52","1278947"
"AMZN","383.73","2015-03-03","13:38:53","1279388"
"AMZN","383.67","2015-03-03","13:39:57","1280650"
"AMZN","383.84","2015-03-03","13:40:58","1281510"
"AMZN","383.90","2015-03-03","13:41:58","1285176"
"AMZN","383.92","2015-03-03","13:42:59","1288717"
"AMZN","383.89","2015-03-03","13:43:59","1289731"
"AMZN","384.27","2015-03-03","13:45:00","1292801"
"AMZN","384.03","2015-03-03","13:46:01","1293756"
"AMZN","384.12","2015-03-03","13:47:02","1297638"
"AMZN","384.02","2015-03-03","13:48:03","1297778"
"AMZN","384.04","2015-03-03","13:49:03","1301769"
"AMZN","384.15","2015-03-03","13:50:04","1302756"
"AMZN","384.22","2015-03-03","13:51:04","1303156"
"AMZN","384.14","2015-03-03","13:52:05","1306594"
"AMZN","384.00","2015-03-03","13:53:06","1312707"
"AMZN","383.92","2015-03-03","13:54:06","1312877"
"AMZN","383.96","2015-03-03","13:55:07","1315105"
"AMZN","384.05","2015-03-03","13:56:07","1316335"
"AMZN","383.99","2015-03-03","13:57:08","1318493"
"AMZN","383.92","2015-03-03","13:58:09","1318655"
"AMZN","383.86","2015-03-03","13:59:10","1321157"
"AMZN","383.97","2015-03-03","14:00:10","1321692"
"AMZN","384.30","2015-03-03","14:01:11","1323723"
"AMZN","384.18","2015-03-03","14:02:12","1323930"
"AMZN","384.31","2015-03-03","14:03:12","1324664"
"AMZN","384.45","2015-03-03","14:04:13","1328165"
"AMZN","384.39","2015-03-03","14:05:14","1328864"
"AMZN","384.20","2015-03-03","14:06:14","1331099"
"AMZN","384.45","2015-03-03","14:07:15","1335152"
"AMZN","384.52","2015-03-03","14:08:15","1338086"
"AMZN","384.40","2015-03-03","14:09:16","1339398"
"AMZN","384.56","2015-03-03","14:10:17","1340558"
"AMZN","384.48","2015-03-03","14:11:17","1342412"
"AMZN","384.39","2015-03-03","14:12:36","1343984"
"AMZN","384.39","2015-03-03","14:13:36","1344253"
"AMZN","384.50","2015-03-03","14:14:37","1344492"
"AMZN","384.35","2015-03-03","14:15:37","1346411"
"AMZN","384.47","2015-03-03","14:16:38","1347950"
"AMZN","384.40","2015-03-03","14:17:38","1348627"
"AMZN","384.40","2015-03-03","14:18:38","1348806"
"AMZN","384.38","2015-03-03","14:19:39","1349424"
"AMZN","384.42","2015-03-03","14:20:41","1351065"
"AMZN","384.42","2015-03-03","14:21:43","1354096"
"AMZN","384.49","2015-03-03","14:22:45","1354854"
"AMZN","384.42","2015-03-03","14:23:46","1359173"
"AMZN","384.40","2015-03-03","14:24:46","1359803"
"AMZN","384.51","2015-03-03","14:25:59","1366571"
"AMZN","384.69","2015-03-03","14:27:00","1371282"
"AMZN","384.79","2015-03-03","14:28:01","1378857"
"AMZN","384.50","2015-03-03","14:29:01","1384096"
"AMZN","384.41","2015-03-03","14:30:02","1385809"
"AMZN","384.33","2015-03-03","14:32:42","1388920"
"AMZN","384.38","2015-03-03","14:33:43","1390229"
"AMZN","384.51","2015-03-03","14:34:43","1391749"
"AMZN","384.60","2015-03-03","14:35:43","1393056"
"AMZN","384.50","2015-03-03","14:36:44","1395020"
"AMZN","384.50","2015-03-03","14:37:44","1398898"
"AMZN","384.50","2015-03-03","14:38:45","1399142"
"AMZN","384.34","2015-03-03","14:39:45","1403642"
"AMZN","384.48","2015-03-03","14:40:46","1405528"
"AMZN","384.48","2015-03-03","14:41:46","1405688"
"AMZN","384.75","2015-03-03","14:42:47","1412450"
"AMZN","384.74","2015-03-03","14:44:09","1414114"
"AMZN","384.84","2015-03-03","14:45:10","1421510"
"AMZN","384.77","2015-03-03","14:46:10","1423577"
"AMZN","384.69","2015-03-03","14:47:12","1425794"
"AMZN","384.66","2015-03-03","14:48:12","1427570"
"AMZN","384.68","2015-03-03","14:49:18","1430337"
"AMZN","384.40","2015-03-03","14:50:19","1435654"
"AMZN","384.36","2015-03-03","14:51:20","1436427"
"AMZN","384.25","2015-03-03","14:52:21","1439149"
"AMZN","384.43","2015-03-03","14:53:21","1444918"
"AMZN","383.97","2015-03-03","14:54:22","1457697"
"AMZN","383.92","2015-03-03","14:55:22","1465110"
"AMZN","384.04","2015-03-03","14:56:23","1465513"
"AMZN","383.89","2015-03-03","14:57:23","1468533"
"AMZN","383.76","2015-03-03","14:58:24","1470466"
"AMZN","383.78","2015-03-03","14:59:24","1474266"
"AMZN","383.68","2015-03-03","15:00:25","1475225"
"AMZN","383.30","2015-03-03","15:01:25","1485133"
"AMZN","383.29","2015-03-03","15:02:26","1486228"
"AMZN","383.38","2015-03-03","15:03:26","1486512"
"AMZN","383.71","2015-03-03","15:04:27","1488658"
"AMZN","383.65","2015-03-03","15:05:27","1489967"
"AMZN","383.52","2015-03-03","15:06:28","1491147"
"AMZN","383.67","2015-03-03","15:07:28","1492907"
"AMZN","383.52","2015-03-03","15:08:29","1493229"
"AMZN","383.44","2015-03-03","15:09:29","1496473"
"AMZN","383.64","2015-03-03","15:10:30","1497160"
"AMZN","383.72","2015-03-03","15:11:30","1499114"
"AMZN","383.55","2015-03-03","15:12:31","1502424"
"AMZN","383.64","2015-03-03","15:13:31","1502723"
"AMZN","383.74","2015-03-03","15:14:32","1505550"
"AMZN","383.85","2015-03-03","15:15:32","1510065"
"AMZN","383.80","2015-03-03","15:16:33","1510706"
"AMZN","383.58","2015-03-03","15:18:39","1519055"
"AMZN","383.66","2015-03-03","15:19:40","1520547"
"AMZN","383.64","2015-03-03","15:20:40","1522154"
"AMZN","383.65","2015-03-03","15:21:41","1522818"
"AMZN","383.56","2015-03-03","15:22:42","1523334"
"AMZN","383.51","2015-03-03","15:23:42","1524365"
"AMZN","383.55","2015-03-03","15:24:43","1530489"
"AMZN","383.30","2015-03-03","15:25:43","1535338"
"AMZN","383.44","2015-03-03","15:26:44","1537088"
"AMZN","383.42","2015-03-03","15:27:45","1539117"
"AMZN","383.51","2015-03-03","15:28:45","1540531"
"AMZN","383.38","2015-03-03","15:29:46","1544191"
"AMZN","383.32","2015-03-03","15:30:46","1547171"
"AMZN","383.41","2015-03-03","15:31:47","1549735"
"AMZN","383.45","2015-03-03","15:32:47","1552944"
"AMZN","383.63","2015-03-03","15:33:48","1555540"
"AMZN","383.60","2015-03-03","15:34:49","1556962"
"AMZN","383.69","2015-03-03","15:35:50","1559776"
"AMZN","383.81","2015-03-03","15:36:50","1565232"
"AMZN","383.64","2015-03-03","15:37:51","1578313"
"AMZN","384.05","2015-03-03","15:38:52","1590455"
"AMZN","384.10","2015-03-03","15:39:53","1598055"
"AMZN","384.25","2015-03-03","15:40:53","1599716"
"AMZN","384.30","2015-03-03","15:41:54","1600068"
"AMZN","384.28","2015-03-03","15:42:55","1601490"
"AMZN","384.28","2015-03-03","15:43:55","1602075"
"AMZN","384.36","2015-03-03","15:44:55","1605770"
"AMZN","384.24","2015-03-03","15:45:56","1614955"
"AMZN","384.22","2015-03-03","15:46:56","1618657"
"AMZN","384.24","2015-03-03","15:47:57","1621712"
"AMZN","384.33","2015-03-03","15:48:57","1625103"
"AMZN","384.27","2015-03-03","15:49:58","1628162"
"AMZN","384.24","2015-03-03","15:50:58","1629709"
"AMZN","384.31","2015-03-03","15:51:59","1638184"
"AMZN","384.38","2015-03-03","15:52:59","1642065"
"AMZN","384.33","2015-03-03","15:54:00","1647471"
"AMZN","384.39","2015-03-03","15:55:00","1649613"
"AMZN","384.09","2015-03-03","15:56:01","1655157"
"AMZN","384.36","2015-03-03","15:57:02","1666080"
"AMZN","384.46","2015-03-03","15:58:02","1669432"
"AMZN","384.43","2015-03-03","15:59:03","1672147"
"AMZN","384.60","2015-03-03","16:00:03","1680754"
"AMZN","384.66","2015-03-03","16:01:04","1684039"
"AMZN","384.51","2015-03-03","16:02:04","1687132"
"AMZN","384.70","2015-03-03","16:03:05","1692028"
"AMZN","384.65","2015-03-03","16:04:05","1696109"
"AMZN","384.72","2015-03-03","16:05:06","1705366"
"AMZN","384.79","2015-03-03","16:06:06","1710332"
"AMZN","384.66","2015-03-03","16:07:07","1716758"
"AMZN","384.65","2015-03-03","16:08:07","1719629"
"AMZN","384.66","2015-03-03","16:09:08","1725287"
"AMZN","384.62","2015-03-03","16:10:08","1735026"
"AMZN","384.70","2015-03-03","16:11:09","1738634"
"AMZN","384.51","2015-03-03","16:12:10","1743989"
"AMZN","384.58","2015-03-03","16:13:14","1752075"
"AMZN","384.60","2015-03-03","16:14:15","1773908"
"AMZN","384.61","2015-03-03","16:15:16","1792400"
"AMZN","384.61","2015-03-03","16:16:17","1797673"
"AMZN","384.61","2015-03-03","16:17:17","1797702"
"AMZN","384.61","2015-03-03","16:18:18","1797702"
"AMZN","384.61","2015-03-03","16:19:18","1797712"
"AMZN","384.61","2015-03-03","16:20:19","1797752"
"AMZN","384.61","2015-03-03","16:21:19","1797752"
"AMZN","384.61","2015-03-03","16:22:20","1847762"
"AMZN","384.61","2015-03-03","16:23:20","1847810"
"AMZN","384.61","2015-03-03","16:24:21","1847810"
"AMZN","384.61","2015-03-03","16:25:22","1847810"
"AMZN","384.61","2015-03-03","16:26:23","1847810"
"AMZN","384.61","2015-03-03","16:27:23","1853510"
"AMZN","384.61","2015-03-03","16:28:24","1853810"
"AMZN","384.61","2015-03-03","16:29:25","1853810"
"AMZN","384.61","2015-03-03","16:30:26","1853920"
"AMZN","384.61","2015-03-03","16:31:27","1853920"
"AMZN","384.61","2015-03-03","16:32:28","1853920"
"AMZN","384.61","2015-03-03","16:33:29","1853920"
"AMZN","384.61","2015-03-03","16:34:29","1868400"
"AMZN","384.61","2015-03-03","16:35:31","1868400"
"AMZN","384.61","2015-03-03","16:36:32","1868400"
"AMZN","384.61","2015-03-03","16:37:32","1869827"
"AMZN","384.61","2015-03-03","16:38:33","1869827"
"AMZN","384.61","2015-03-03","16:39:33","1869827"
"AMZN","384.61","2015-03-03","16:40:34","1869827"
"AMZN","384.61","2015-03-03","16:41:34","1869827"
"AMZN","384.61","2015-03-03","16:42:35","1869827"
"AMZN","384.61","2015-03-03","16:43:35","1869827"
"AMZN","384.61","2015-03-03","16:44:36","1870847"
"AMZN","384.61","2015-03-03","16:45:36","1943881"
"AMZN","384.87","2015-03-04","12:01:32","1223270"
"AMZN","384.88","2015-03-04","12:02:33","1226701"
"AMZN","384.99","2015-03-04","12:03:33","1227348"
"AMZN","384.76","2015-03-04","12:04:34","1227943"
"AMZN","384.69","2015-03-04","12:05:34","1228365"
"AMZN","384.25","2015-03-04","12:06:37","1231647"
"AMZN","384.24","2015-03-04","12:07:39","1235201"
"AMZN","384.24","2015-03-04","12:08:40","1237772"
"AMZN","384.22","2015-03-04","12:09:41","1238582"
"AMZN","384.12","2015-03-04","12:10:43","1239976"
"AMZN","384.26","2015-03-04","12:11:43","1243404"
"AMZN","384.23","2015-03-04","12:12:45","1244949"
"AMZN","384.31","2015-03-04","12:13:46","1245786"
"AMZN","384.25","2015-03-04","12:14:47","1247756"
"AMZN","384.14","2015-03-04","12:15:48","1249767"
"AMZN","384.06","2015-03-04","12:16:48","1253656"
"AMZN","384.02","2015-03-04","12:17:49","1254554"
"AMZN","384.01","2015-03-04","12:18:49","1259173"
"AMZN","383.87","2015-03-04","12:19:50","1261067"
"AMZN","383.85","2015-03-04","12:20:50","1262342"
"AMZN","383.83","2015-03-04","12:21:52","1265060"
"AMZN","383.94","2015-03-04","12:22:52","1266088"
"AMZN","383.93","2015-03-04","12:23:53","1267704"
"AMZN","383.92","2015-03-04","12:24:54","1267931"
"AMZN","383.92","2015-03-04","12:25:55","1269429"
"AMZN","384.10","2015-03-04","12:26:56","1270624"
"AMZN","384.26","2015-03-04","12:27:58","1274067"
"AMZN","384.36","2015-03-04","12:28:59","1274637"
"AMZN","384.56","2015-03-04","12:30:00","1280397"
"AMZN","384.42","2015-03-04","12:31:00","1281425"
"AMZN","384.39","2015-03-04","12:32:01","1282802"
"AMZN","384.45","2015-03-04","12:33:01","1283864"
"AMZN","384.22","2015-03-04","12:34:02","1288836"
"AMZN","384.76","2015-03-04","12:35:04","1301073"
"AMZN","384.78","2015-03-04","12:36:04","1302871"
"AMZN","384.72","2015-03-04","12:37:04","1303422"
"AMZN","384.83","2015-03-04","12:38:05","1308799"
"AMZN","384.58","2015-03-04","12:39:05","1309663"
"AMZN","384.85","2015-03-04","12:40:06","1318125"
"AMZN","385.00","2015-03-04","12:41:06","1322216"
"AMZN","384.87","2015-03-04","12:42:06","1324442"
"AMZN","384.85","2015-03-04","12:43:07","1324755"
"AMZN","384.85","2015-03-04","12:44:07","1325294"
"AMZN","384.80","2015-03-04","12:45:10","1327616"
"AMZN","384.90","2015-03-04","12:46:10","1329294"
"AMZN","384.92","2015-03-04","12:47:11","1332208"
"AMZN","384.72","2015-03-04","12:48:12","1333886"
"AMZN","384.95","2015-03-04","12:49:15","1336454"
"AMZN","385.19","2015-03-04","12:50:15","1342763"
"AMZN","385.23","2015-03-04","12:51:16","1344648"
"AMZN","385.05","2015-03-04","12:52:17","1344989"
"AMZN","384.73","2015-03-04","12:53:18","1353926"
"AMZN","384.93","2015-03-04","12:54:20","1355579"
"AMZN","385.19","2015-03-04","12:55:21","1358194"
"AMZN","385.26","2015-03-04","12:56:23","1359162"
"AMZN","385.35","2015-03-04","12:57:25","1361245"
"AMZN","385.01","2015-03-04","12:58:28","1362824"
"AMZN","385.10","2015-03-04","12:59:29","1364935"
"AMZN","384.98","2015-03-04","13:00:30","1366615"
"AMZN","384.98","2015-03-04","13:01:31","1368541"
"AMZN","385.10","2015-03-04","13:02:31","1371370"
"AMZN","384.88","2015-03-04","13:03:31","1372519"
"AMZN","384.98","2015-03-04","13:04:32","1374146"
"AMZN","384.80","2015-03-04","13:05:32","1375297"
"AMZN","384.78","2015-03-04","13:06:33","1375403"
"AMZN","384.99","2015-03-04","13:07:33","1377188"
"AMZN","385.23","2015-03-04","13:08:34","1379291"
"AMZN","385.00","2015-03-04","13:09:34","1380855"
"AMZN","384.79","2015-03-04","13:10:35","1382558"
"AMZN","384.80","2015-03-04","13:11:36","1383023"
"AMZN","384.80","2015-03-04","13:12:37","1384963"
"AMZN","384.67","2015-03-04","13:13:37","1390286"
"AMZN","384.75","2015-03-04","13:14:38","1391319"
"AMZN","384.85","2015-03-04","13:15:38","1393420"
"AMZN","384.90","2015-03-04","13:16:39","1393936"
"AMZN","384.74","2015-03-04","13:17:39","1395109"
"AMZN","384.83","2015-03-04","13:18:40","1396876"
"AMZN","384.79","2015-03-04","13:19:40","1397568"
"AMZN","384.77","2015-03-04","13:20:41","1405221"
"AMZN","384.55","2015-03-04","13:21:41","1405992"
"AMZN","384.52","2015-03-04","13:22:42","1407075"
"AMZN","384.92","2015-03-04","13:23:43","1408543"
"AMZN","384.85","2015-03-04","13:24:45","1409605"
"AMZN","384.70","2015-03-04","13:25:48","1411885"
"AMZN","384.74","2015-03-04","13:26:48","1412827"
"AMZN","384.85","2015-03-04","13:27:49","1413877"
"AMZN","384.86","2015-03-04","13:28:50","1414112"
"AMZN","384.92","2015-03-04","13:29:50","1416257"
"AMZN","384.96","2015-03-04","13:30:50","1418049"
"AMZN","384.84","2015-03-04","13:31:51","1418649"
"AMZN","384.86","2015-03-04","13:32:52","1419023"
"AMZN","384.76","2015-03-04","13:33:52","1419784"
"AMZN","384.96","2015-03-04","13:34:53","1420852"
"AMZN","385.01","2015-03-04","13:35:54","1424088"
"AMZN","385.21","2015-03-04","13:36:55","1427731"
"AMZN","385.22","2015-03-04","13:37:55","1430741"
"AMZN","385.28","2015-03-04","13:38:56","1434723"
"AMZN","385.33","2015-03-04","13:39:56","1435046"
"AMZN","385.33","2015-03-04","13:40:57","1435924"
"AMZN","385.34","2015-03-04","13:41:57","1437070"
"AMZN","385.31","2015-03-04","13:42:58","1439723"
"AMZN","385.31","2015-03-04","13:43:58","1440996"
"AMZN","385.18","2015-03-04","13:44:59","1443358"
"AMZN","385.00","2015-03-04","13:46:00","1447427"
"AMZN","384.69","2015-03-04","13:47:01","1453071"
"AMZN","384.69","2015-03-04","13:48:01","1455674"
"AMZN","384.77","2015-03-04","13:49:03","1458905"
"AMZN","384.76","2015-03-04","13:50:05","1457546"
"AMZN","385.00","2015-03-04","13:51:06","1458728"
"AMZN","385.05","2015-03-04","13:52:07","1461808"
"AMZN","384.70","2015-03-04","13:53:07","1463437"
"AMZN","384.93","2015-03-04","13:54:08","1466539"
"AMZN","384.75","2015-03-04","13:55:08","1467336"
"AMZN","384.98","2015-03-04","13:56:08","1471607"
"AMZN","384.80","2015-03-04","13:57:09","1473596"
"AMZN","384.75","2015-03-04","13:58:09","1475365"
"AMZN","384.76","2015-03-04","13:59:10","1477867"
"AMZN","384.55","2015-03-04","14:00:11","1479723"
"AMZN","384.48","2015-03-04","14:01:11","1488689"
"AMZN","384.44","2015-03-04","14:02:11","1491841"
"AMZN","384.48","2015-03-04","14:03:12","1492773"
"AMZN","384.45","2015-03-04","14:04:12","1493707"
"AMZN","384.45","2015-03-04","14:05:13","1494416"
"AMZN","384.57","2015-03-04","14:06:13","1495497"
"AMZN","384.57","2015-03-04","14:07:14","1498715"
"AMZN","384.51","2015-03-04","14:08:14","1498710"
"AMZN","384.54","2015-03-04","14:09:15","1499580"
"AMZN","384.36","2015-03-04","14:10:15","1513374"
"AMZN","384.13","2015-03-04","14:11:16","1515029"
"AMZN","384.37","2015-03-04","14:12:16","1518061"
"AMZN","384.35","2015-03-04","14:13:16","1521662"
"AMZN","384.13","2015-03-04","14:14:17","1526546"
"AMZN","384.09","2015-03-04","14:15:17","1541140"
"AMZN","384.09","2015-03-04","14:16:18","1541155"
"AMZN","384.22","2015-03-04","14:17:18","1545574"
"AMZN","384.11","2015-03-04","14:18:18","1548847"
"AMZN","384.07","2015-03-04","14:19:19","1550714"
"AMZN","384.18","2015-03-04","14:20:20","1555345"
"AMZN","384.36","2015-03-04","14:21:20","1557926"
"AMZN","384.33","2015-03-04","14:22:21","1559439"
"AMZN","384.23","2015-03-04","14:23:21","1571090"
"AMZN","384.28","2015-03-04","14:24:22","1591561"
"AMZN","384.26","2015-03-04","14:25:23","1595945"
"AMZN","384.31","2015-03-04","14:26:24","1597847"
"AMZN","384.00","2015-03-04","14:27:24","1600945"
"AMZN","383.99","2015-03-04","14:28:25","1602391"
"AMZN","383.97","2015-03-04","14:29:25","1609292"
"AMZN","383.49","2015-03-04","14:30:25","1624580"
"AMZN","383.50","2015-03-04","14:31:26","1630529"
"AMZN","383.84","2015-03-04","14:32:27","1634237"
"AMZN","383.81","2015-03-04","14:33:27","1634843"
"AMZN","383.75","2015-03-04","14:34:28","1637105"
"AMZN","383.91","2015-03-04","14:35:28","1639913"
"AMZN","384.03","2015-03-04","14:36:29","1642061"
"AMZN","384.04","2015-03-04","14:37:30","1643970"
"AMZN","383.99","2015-03-04","14:38:30","1645034"
"AMZN","383.95","2015-03-04","14:39:30","1645706"
"AMZN","384.00","2015-03-04","14:40:31","1648837"
"AMZN","384.03","2015-03-04","14:41:31","1651743"
"AMZN","384.05","2015-03-04","14:42:32","1652836"
"AMZN","383.96","2015-03-04","14:43:32","1656236"
"AMZN","384.03","2015-03-04","14:44:33","1658245"
"AMZN","383.95","2015-03-04","14:45:34","1659954"
"AMZN","384.26","2015-03-04","14:46:34","1664768"
"AMZN","384.29","2015-03-04","14:47:35","1664952"
"AMZN","384.10","2015-03-04","14:48:35","1666772"
"AMZN","384.36","2015-03-04","14:49:36","1671161"
"AMZN","384.47","2015-03-04","14:50:37","1673202"
"AMZN","384.36","2015-03-04","14:51:38","1674141"
"AMZN","384.47","2015-03-04","14:52:39","1677918"
"AMZN","384.40","2015-03-04","14:53:40","1678353"
"AMZN","384.40","2015-03-04","14:54:40","1678366"
"AMZN","384.41","2015-03-04","14:55:41","1680163"
"AMZN","384.45","2015-03-04","14:56:41","1686892"
"AMZN","384.45","2015-03-04","14:57:42","1690602"
"AMZN","384.28","2015-03-04","14:58:43","1691352"
"AMZN","384.24","2015-03-04","14:59:43","1700443"
"AMZN","384.41","2015-03-04","15:00:44","1702071"
"AMZN","384.45","2015-03-04","15:01:44","1703294"
"AMZN","384.44","2015-03-04","15:02:45","1708981"
"AMZN","384.38","2015-03-04","15:03:46","1714398"
"AMZN","384.57","2015-03-04","15:04:46","1716422"
"AMZN","384.60","2015-03-04","15:05:48","1718149"
"AMZN","384.66","2015-03-04","15:06:48","1723043"
"AMZN","384.70","2015-03-04","15:07:49","1730043"
"AMZN","384.59","2015-03-04","15:08:49","1731826"
"AMZN","384.67","2015-03-04","15:09:51","1732330"
"AMZN","384.62","2015-03-04","15:10:52","1740486"
"AMZN","384.63","2015-03-04","15:11:53","1744880"
"AMZN","384.48","2015-03-04","15:12:53","1750265"
"AMZN","384.62","2015-03-04","15:13:54","1753118"
"AMZN","384.77","2015-03-04","15:14:54","1756707"
"AMZN","384.95","2015-03-04","15:15:55","1763972"
"AMZN","384.82","2015-03-04","15:16:55","1768241"
"AMZN","384.59","2015-03-04","15:17:55","1771196"
"AMZN","384.56","2015-03-04","15:18:56","1771572"
"AMZN","384.54","2015-03-04","15:19:56","1774149"
"AMZN","384.29","2015-03-04","15:20:57","1781276"
"AMZN","384.34","2015-03-04","15:21:58","1784734"
"AMZN","384.41","2015-03-04","15:22:58","1786722"
"AMZN","384.38","2015-03-04","15:23:59","1791973"
"AMZN","384.29","2015-03-04","15:24:59","1795057"
"AMZN","384.13","2015-03-04","15:26:00","1799820"
"AMZN","384.15","2015-03-04","15:27:00","1801240"
"AMZN","384.40","2015-03-04","15:28:01","1804222"
"AMZN","384.27","2015-03-04","15:29:01","1806040"
"AMZN","384.26","2015-03-04","15:30:02","1808547"
"AMZN","384.31","2015-03-04","15:31:02","1811997"
"AMZN","384.27","2015-03-04","15:32:03","1815604"
"AMZN","384.31","2015-03-04","15:33:04","1817854"
"AMZN","383.92","2015-03-04","15:34:05","1824231"
"AMZN","383.91","2015-03-04","15:35:07","1827341"
"AMZN","383.93","2015-03-04","15:36:08","1828765"
"AMZN","384.12","2015-03-04","15:37:09","1831366"
"AMZN","384.13","2015-03-04","15:38:10","1831609"
"AMZN","384.04","2015-03-04","15:39:10","1832946"
"AMZN","383.96","2015-03-04","15:40:11","1837712"
"AMZN","383.69","2015-03-04","15:41:11","1848014"
"AMZN","383.66","2015-03-04","15:42:12","1849575"
"AMZN","383.57","2015-03-04","15:43:12","1856295"
"AMZN","383.91","2015-03-04","15:44:13","1857656"
"AMZN","383.76","2015-03-04","15:45:13","1858683"
"AMZN","383.74","2015-03-04","15:46:14","1864523"
"AMZN","383.73","2015-03-04","15:47:15","1867390"
"AMZN","383.78","2015-03-04","15:48:16","1873987"
"AMZN","383.87","2015-03-04","15:49:17","1878644"
"AMZN","383.64","2015-03-04","15:50:17","1884735"
"AMZN","383.64","2015-03-04","15:51:18","1888478"
"AMZN","383.75","2015-03-04","15:52:19","1891758"
"AMZN","383.64","2015-03-04","15:53:19","1894179"
"AMZN","383.77","2015-03-04","15:54:20","1897038"
"AMZN","383.52","2015-03-04","15:55:21","1901116"
"AMZN","383.37","2015-03-04","15:56:22","1907425"
"AMZN","383.48","2015-03-04","15:57:22","1911211"
"AMZN","383.50","2015-03-04","15:58:23","1914850"
"AMZN","383.23","2015-03-04","15:59:24","1920029"
"AMZN","383.49","2015-03-04","16:00:27","1932397"
"AMZN","383.21","2015-03-04","16:01:29","1937707"
"AMZN","383.33","2015-03-04","16:02:29","1944662"
"AMZN","383.31","2015-03-04","16:03:30","1947474"
"AMZN","383.18","2015-03-04","16:04:30","1951258"
"AMZN","383.22","2015-03-04","16:05:31","1967061"
"AMZN","383.12","2015-03-04","16:06:32","1976100"
"AMZN","383.09","2015-03-04","16:07:32","1982866"
"AMZN","382.95","2015-03-04","16:08:32","1993720"
"AMZN","382.80","2015-03-04","16:09:33","2010524"
"AMZN","386.50","2015-03-05","11:56:11","1247685"
"AMZN","386.76","2015-03-05","11:57:13","1252851"
"AMZN","386.77","2015-03-05","11:58:14","1254306"
"AMZN","386.84","2015-03-05","11:59:14","1255009"
"AMZN","386.73","2015-03-05","12:00:17","1257307"
"AMZN","386.59","2015-03-05","12:01:17","1258228"
"AMZN","386.68","2015-03-05","12:02:19","1261884"
"AMZN","386.76","2015-03-05","12:03:20","1263336"
"AMZN","386.91","2015-03-05","12:04:21","1264805"
"AMZN","386.70","2015-03-05","12:05:23","1266595"
"AMZN","386.90","2015-03-05","12:06:24","1269154"
"AMZN","386.74","2015-03-05","12:07:25","1270523"
"AMZN","386.84","2015-03-05","12:08:25","1272944"
"AMZN","386.89","2015-03-05","12:09:26","1273432"
"AMZN","387.03","2015-03-05","12:10:28","1275443"
"AMZN","387.10","2015-03-05","12:11:28","1276504"
"AMZN","386.95","2015-03-05","12:12:29","1278310"
"AMZN","386.70","2015-03-05","12:13:30","1282305"
"AMZN","386.67","2015-03-05","12:14:32","1287098"
"AMZN","386.56","2015-03-05","12:15:32","1289218"
"AMZN","386.46","2015-03-05","12:16:33","1290004"
"AMZN","386.45","2015-03-05","12:17:34","1292689"
"AMZN","386.36","2015-03-05","12:18:35","1293930"
"AMZN","386.41","2015-03-05","12:19:35","1294927"
"AMZN","386.60","2015-03-05","12:20:36","1295927"
"AMZN","386.72","2015-03-05","12:21:37","1296677"
"AMZN","386.62","2015-03-05","12:22:37","1299205"
"AMZN","386.62","2015-03-05","12:23:39","1299248"
"AMZN","386.57","2015-03-05","12:24:40","1300096"
"AMZN","386.67","2015-03-05","12:25:40","1300697"
"AMZN","386.93","2015-03-05","12:26:41","1301385"
"AMZN","386.99","2015-03-05","12:27:41","1302130"
"AMZN","386.97","2015-03-05","12:28:42","1307643"
"AMZN","386.69","2015-03-05","12:29:43","1309006"
"AMZN","386.64","2015-03-05","12:30:44","1310035"
"AMZN","386.77","2015-03-05","12:31:44","1311113"
"AMZN","386.81","2015-03-05","12:32:45","1312607"
"AMZN","386.85","2015-03-05","12:33:46","1315495"
"AMZN","386.94","2015-03-05","12:34:46","1316534"
"AMZN","386.85","2015-03-05","12:35:47","1321243"
"AMZN","386.64","2015-03-05","12:36:47","1323498"
"AMZN","386.73","2015-03-05","12:37:48","1324818"
"AMZN","386.86","2015-03-05","12:40:00","1329236"
"AMZN","386.61","2015-03-05","12:41:01","1331427"
"AMZN","386.69","2015-03-05","12:42:02","1332202"
"AMZN","386.69","2015-03-05","12:43:03","1333608"
"AMZN","386.60","2015-03-05","12:44:03","1335491"
"AMZN","386.52","2015-03-05","12:45:04","1336237"
"AMZN","386.53","2015-03-05","12:46:04","1338053"
"AMZN","386.56","2015-03-05","12:47:05","1338167"
"AMZN","386.75","2015-03-05","12:48:05","1340082"
"AMZN","386.94","2015-03-05","12:49:06","1345041"
"AMZN","386.94","2015-03-05","12:50:06","1346229"
"AMZN","386.87","2015-03-05","12:51:07","1350368"
"AMZN","386.86","2015-03-05","12:52:07","1352212"
"AMZN","386.66","2015-03-05","12:53:08","1357871"
"AMZN","386.73","2015-03-05","12:54:08","1358837"
"AMZN","386.79","2015-03-05","12:55:09","1360513"
"AMZN","386.72","2015-03-05","12:56:10","1360989"
"AMZN","386.69","2015-03-05","12:57:10","1365705"
"AMZN","386.61","2015-03-05","12:58:11","1367167"
"AMZN","386.73","2015-03-05","12:59:12","1370477"
"AMZN","386.83","2015-03-05","13:00:13","1375016"
"AMZN","386.71","2015-03-05","13:01:13","1380193"
"AMZN","386.66","2015-03-05","13:02:14","1381108"
"AMZN","386.67","2015-03-05","13:03:15","1386153"
"AMZN","386.59","2015-03-05","13:04:16","1389872"
"AMZN","386.68","2015-03-05","13:05:17","1392779"
"AMZN","386.59","2015-03-05","13:06:17","1405189"
"AMZN","386.60","2015-03-05","13:07:18","1411116"
"AMZN","386.57","2015-03-05","13:08:19","1412155"
"AMZN","386.58","2015-03-05","13:09:19","1413129"
"AMZN","386.50","2015-03-05","13:10:20","1417376"
"AMZN","386.31","2015-03-05","13:11:21","1424085"
"AMZN","386.17","2015-03-05","13:12:21","1432405"
"AMZN","386.08","2015-03-05","13:13:21","1435344"
"AMZN","386.21","2015-03-05","13:14:22","1441775"
"AMZN","386.37","2015-03-05","13:15:23","1446991"
"AMZN","386.50","2015-03-05","13:16:24","1448410"
"AMZN","386.47","2015-03-05","13:17:24","1456186"
"AMZN","386.69","2015-03-05","13:18:25","1460554"
"AMZN","386.70","2015-03-05","13:19:25","1461113"
"AMZN","386.60","2015-03-05","13:20:26","1462800"
"AMZN","386.76","2015-03-05","13:21:27","1467855"
"AMZN","386.82","2015-03-05","13:22:27","1472018"
"AMZN","387.07","2015-03-05","13:23:28","1489250"
"AMZN","387.14","2015-03-05","13:24:28","1493400"
"AMZN","386.96","2015-03-05","13:25:29","1496219"
"AMZN","386.93","2015-03-05","13:26:29","1501008"
"AMZN","387.05","2015-03-05","13:27:31","1501797"
"AMZN","387.28","2015-03-05","13:28:31","1508040"
"AMZN","387.39","2015-03-05","13:29:32","1519510"
"AMZN","387.47","2015-03-05","13:30:32","1523634"
"AMZN","387.35","2015-03-05","13:31:33","1531678"
"AMZN","387.36","2015-03-05","13:32:34","1548947"
"AMZN","387.26","2015-03-05","13:33:35","1559052"
"AMZN","387.66","2015-03-05","13:34:35","1568514"
"AMZN","387.77","2015-03-05","13:35:36","1579234"
"AMZN","387.50","2015-03-05","13:36:36","1586971"
"AMZN","387.38","2015-03-05","13:37:37","1593257"
"AMZN","387.29","2015-03-05","13:38:37","1600468"
"AMZN","387.50","2015-03-05","13:39:38","1603502"
"AMZN","387.68","2015-03-05","13:40:39","1608688"
"AMZN","387.90","2015-03-05","13:41:39","1620849"
"AMZN","387.65","2015-03-05","13:42:40","1622159"
"AMZN","387.60","2015-03-05","13:43:40","1624127"
"AMZN","387.53","2015-03-05","13:44:41","1625739"
"AMZN","387.53","2015-03-05","13:45:42","1627082"
"AMZN","387.60","2015-03-05","13:46:42","1627952"
"AMZN","387.67","2015-03-05","13:47:42","1631240"
"AMZN","387.62","2015-03-05","13:48:43","1633150"
"AMZN","387.49","2015-03-05","13:49:43","1633434"
"AMZN","387.61","2015-03-05","13:50:44","1638197"
"AMZN","387.65","2015-03-05","13:51:44","1642679"
"AMZN","387.67","2015-03-05","13:52:45","1645105"
"AMZN","387.62","2015-03-05","13:53:45","1651942"
"AMZN","387.79","2015-03-05","13:54:46","1653405"
"AMZN","387.64","2015-03-05","13:55:47","1655729"
"AMZN","387.51","2015-03-05","13:56:47","1659390"
"AMZN","387.57","2015-03-05","13:57:48","1660296"
"AMZN","387.66","2015-03-05","13:58:48","1660915"
"AMZN","387.83","2015-03-05","13:59:49","1667851"
"AMZN","387.92","2015-03-05","14:00:53","1670815"
"AMZN","387.60","2015-03-05","14:01:54","1674602"
"AMZN","387.51","2015-03-05","14:02:56","1676103"
"AMZN","387.72","2015-03-05","14:03:57","1679195"
"AMZN","387.61","2015-03-05","14:04:58","1684616"
"AMZN","387.57","2015-03-05","14:05:59","1685037"
"AMZN","387.55","2015-03-05","14:07:00","1688412"
"AMZN","387.48","2015-03-05","14:08:00","1690088"
"AMZN","387.57","2015-03-05","14:09:03","1691593"
"AMZN","387.50","2015-03-05","14:10:06","1698543"
"AMZN","387.51","2015-03-05","14:11:07","1699172"
"AMZN","387.43","2015-03-05","14:12:07","1700990"
"AMZN","387.30","2015-03-05","14:13:08","1702985"
"AMZN","387.45","2015-03-05","14:14:09","1703667"
"AMZN","387.48","2015-03-05","14:15:09","1704837"
"AMZN","387.70","2015-03-05","14:16:11","1708414"
"AMZN","387.52","2015-03-05","14:17:11","1711227"
"AMZN","387.73","2015-03-05","14:18:12","1715642"
"AMZN","387.51","2015-03-05","14:19:12","1719517"
"AMZN","387.42","2015-03-05","14:20:13","1723778"
"AMZN","387.46","2015-03-05","14:21:13","1725890"
"AMZN","387.55","2015-03-05","14:22:14","1726016"
"AMZN","387.67","2015-03-05","14:23:14","1727952"
"AMZN","387.88","2015-03-05","14:24:15","1736785"
"AMZN","387.86","2015-03-05","14:25:16","1745692"
"AMZN","387.98","2015-03-05","14:26:17","1750266"
"AMZN","387.81","2015-03-05","14:27:17","1753431"
"AMZN","387.72","2015-03-05","14:28:18","1756793"
"AMZN","387.76","2015-03-05","14:29:18","1762206"
"AMZN","388.06","2015-03-05","14:30:19","1773919"
"AMZN","387.86","2015-03-05","14:31:19","1789851"
"AMZN","387.89","2015-03-05","14:32:20","1791764"
"AMZN","387.80","2015-03-05","14:33:20","1794182"
"AMZN","387.80","2015-03-05","14:34:21","1794191"
"AMZN","387.86","2015-03-05","14:35:24","1796784"
"AMZN","388.00","2015-03-05","14:36:24","1797489"
"AMZN","387.84","2015-03-05","14:37:25","1801493"
"AMZN","387.68","2015-03-05","14:38:25","1804851"
"AMZN","387.89","2015-03-05","14:39:26","1805927"
"AMZN","387.88","2015-03-05","14:40:27","1808677"
"AMZN","388.11","2015-03-05","14:41:28","1814308"
"AMZN","387.89","2015-03-05","14:42:28","1819885"
"AMZN","387.87","2015-03-05","14:43:29","1823894"
"AMZN","387.94","2015-03-05","14:44:30","1825756"
"AMZN","387.96","2015-03-05","14:45:31","1826673"
"AMZN","387.91","2015-03-05","14:46:32","1829822"
"AMZN","388.00","2015-03-05","14:47:32","1834283"
"AMZN","388.09","2015-03-05","14:48:33","1843974"
"AMZN","388.08","2015-03-05","14:49:34","1858155"
"AMZN","388.00","2015-03-05","14:50:34","1870163"
"AMZN","387.94","2015-03-05","14:51:35","1876231"
"AMZN","387.98","2015-03-05","14:52:36","1878111"
"AMZN","388.11","2015-03-05","14:53:37","1880082"
"AMZN","388.06","2015-03-05","14:54:37","1884245"
"AMZN","387.97","2015-03-05","14:55:38","1889376"
"AMZN","388.01","2015-03-05","14:56:38","1894374"
"AMZN","387.95","2015-03-05","14:57:40","1897993"
"AMZN","387.94","2015-03-05","14:58:40","1898926"
"AMZN","387.82","2015-03-05","14:59:41","1904991"
"AMZN","387.86","2015-03-05","15:00:41","1909427"
"AMZN","387.55","2015-03-05","15:01:42","1917237"
"AMZN","387.41","2015-03-05","15:02:43","1951780"
"AMZN","387.42","2015-03-05","15:03:43","1953427"
"AMZN","387.36","2015-03-05","15:04:44","1958704"
"AMZN","387.41","2015-03-05","15:05:44","1959946"
"AMZN","387.49","2015-03-05","15:06:45","1964524"
"AMZN","387.43","2015-03-05","15:07:46","1978425"
"AMZN","387.39","2015-03-05","15:08:46","1982487"
"AMZN","387.73","2015-03-05","15:09:47","1989238"
"AMZN","387.83","2015-03-05","15:10:47","1993068"
"AMZN","387.89","2015-03-05","15:11:48","1993843"
"AMZN","387.95","2015-03-05","15:12:48","2024448"
"AMZN","387.81","2015-03-05","15:13:49","2025441"
"AMZN","387.84","2015-03-05","15:14:49","2030082"
"AMZN","387.94","2015-03-05","15:15:50","2033632"
"AMZN","387.76","2015-03-05","15:16:51","2038994"
"AMZN","387.66","2015-03-05","15:17:51","2042791"
"AMZN","387.73","2015-03-05","15:18:51","2043864"
"AMZN","387.71","2015-03-05","15:19:52","2051761"
"AMZN","387.85","2015-03-05","15:20:53","2057551"
"AMZN","387.49","2015-03-05","15:21:53","2064302"
"AMZN","387.23","2015-03-05","15:22:54","2075650"
"AMZN","387.35","2015-03-05","15:23:54","2078294"
"AMZN","387.36","2015-03-05","15:25:02","2084836"
"AMZN","387.32","2015-03-05","15:27:33","2092549"
"AMZN","387.21","2015-03-05","15:29:35","2098980"
"AMZN","387.36","2015-03-05","15:30:35","2107789"
"AMZN","387.36","2015-03-05","15:31:36","2113180"
"AMZN","387.36","2015-03-05","15:32:36","2115959"
"AMZN","387.30","2015-03-05","15:33:36","2120459"
"AMZN","387.15","2015-03-05","15:34:37","2125344"
"AMZN","387.12","2015-03-05","15:35:37","2129899"
"AMZN","386.87","2015-03-05","15:36:38","2143521"
"AMZN","387.01","2015-03-05","15:37:39","2159484"
"AMZN","387.19","2015-03-05","15:38:39","2160637"
"AMZN","387.37","2015-03-05","15:39:40","2168502"
"AMZN","387.39","2015-03-05","15:40:40","2174505"
"AMZN","387.66","2015-03-05","15:41:41","2184422"
"AMZN","387.74","2015-03-05","15:42:42","2191763"
"AMZN","387.71","2015-03-05","15:43:43","2196800"
"AMZN","387.84","2015-03-05","15:44:43","2199558"
"AMZN","387.90","2015-03-05","15:45:44","2205802"
"AMZN","387.75","2015-03-05","15:46:44","2216383"
"AMZN","387.65","2015-03-05","15:47:45","2225565"
"AMZN","387.78","2015-03-05","15:48:47","2231054"
"AMZN","387.79","2015-03-05","15:49:49","2236440"
"AMZN","387.60","2015-03-05","15:50:49","2243641"
"AMZN","387.66","2015-03-05","15:51:51","2249763"
"AMZN","387.71","2015-03-05","15:52:52","2255141"
"AMZN","387.76","2015-03-05","15:53:53","2262161"
"AMZN","387.74","2015-03-05","15:54:53","2265721"
"AMZN","387.64","2015-03-05","15:55:55","2273426"
"AMZN","387.74","2015-03-05","15:56:56","2279879"
"AMZN","388.08","2015-03-05","15:57:56","2298526"
"AMZN","388.09","2015-03-05","15:58:57","2307738"
"AMZN","388.01","2015-03-05","15:59:58","2315683"
"AMZN","387.86","2015-03-05","16:00:58","2323735"
"AMZN","388.15","2015-03-05","16:01:59","2336269"
"AMZN","388.04","2015-03-05","16:03:00","2349629"
"AMZN","387.96","2015-03-05","16:04:01","2360082"
"AMZN","388.22","2015-03-05","16:05:02","2375789"
"AMZN","387.96","2015-03-05","16:06:03","2389320"
"AMZN","387.98","2015-03-05","16:07:05","2394722"
"AMZN","388.17","2015-03-05","16:08:06","2411505"
