"EBAY","58.38","2015-03-03","09:28:47","857"
"EBAY","58.38","2015-03-03","09:29:48","857"
"EBAY","58.38","2015-03-03","09:30:49","907"
"EBAY","58.38","2015-03-03","09:31:50","907"
"EBAY","58.38","2015-03-03","09:32:54","907"
"EBAY","58.38","2015-03-03","09:33:55","907"
"EBAY","58.38","2015-03-03","09:34:59","907"
"EBAY","58.38","2015-03-03","09:36:00","907"
"EBAY","58.38","2015-03-03","09:37:00","907"
"EBAY","58.38","2015-03-03","09:38:03","907"
"EBAY","58.38","2015-03-03","09:39:04","907"
"EBAY","58.38","2015-03-03","09:40:05","907"
"EBAY","58.38","2015-03-03","09:41:06","907"
"EBAY","58.38","2015-03-03","09:42:07","907"
"EBAY","58.38","2015-03-03","09:43:30","907"
"EBAY","58.38","2015-03-03","09:44:31","1163"
"EBAY","58.22","2015-03-03","09:45:31","120533"
"EBAY","58.16","2015-03-03","09:46:32","135005"
"EBAY","58.28","2015-03-03","09:47:33","142932"
"EBAY","58.42","2015-03-03","09:48:34","166494"
"EBAY","58.43","2015-03-03","09:49:35","176906"
"EBAY","58.41","2015-03-03","09:50:35","194190"
"EBAY","58.42","2015-03-03","09:51:36","206861"
"EBAY","58.43","2015-03-03","09:52:39","220511"
"EBAY","58.43","2015-03-03","09:53:44","239442"
"EBAY","58.42","2015-03-03","09:54:51","251363"
"EBAY","58.40","2015-03-03","09:55:54","267825"
"EBAY","58.26","2015-03-03","09:56:57","279968"
"EBAY","58.28","2015-03-03","09:58:02","289110"
"EBAY","58.30","2015-03-03","09:59:03","295029"
"EBAY","58.39","2015-03-03","10:00:19","307292"
"EBAY","58.38","2015-03-03","10:01:19","318087"
"EBAY","58.39","2015-03-03","10:02:21","329031"
"EBAY","58.47","2015-03-03","10:03:22","344931"
"EBAY","58.50","2015-03-03","10:04:23","348578"
"EBAY","58.30","2015-03-03","10:05:24","393201"
"EBAY","58.38","2015-03-03","10:06:24","407013"
"EBAY","58.40","2015-03-03","10:07:25","411785"
"EBAY","58.40","2015-03-03","10:08:26","424785"
"EBAY","58.33","2015-03-03","10:09:27","443102"
"EBAY","58.36","2015-03-03","10:10:27","453863"
"EBAY","58.37","2015-03-03","10:11:32","462299"
"EBAY","58.39","2015-03-03","10:12:33","472113"
"EBAY","58.45","2015-03-03","10:13:34","502135"
"EBAY","58.41","2015-03-03","10:14:34","516949"
"EBAY","58.30","2015-03-03","10:15:34","534970"
"EBAY","58.35","2015-03-03","10:16:40","553113"
"EBAY","58.38","2015-03-03","10:17:41","565090"
"EBAY","58.43","2015-03-03","10:18:41","584566"
"EBAY","58.44","2015-03-03","10:19:42","605516"
"EBAY","58.46","2015-03-03","10:20:42","613398"
"EBAY","58.46","2015-03-03","10:21:43","625583"
"EBAY","58.50","2015-03-03","10:22:43","631253"
"EBAY","58.51","2015-03-03","10:23:44","635382"
"EBAY","58.58","2015-03-03","10:24:45","666291"
"EBAY","58.56","2015-03-03","10:25:45","673102"
"EBAY","58.60","2015-03-03","10:26:46","704446"
"EBAY","58.60","2015-03-03","10:27:46","713162"
"EBAY","58.56","2015-03-03","10:28:47","727383"
"EBAY","58.51","2015-03-03","10:29:47","734471"
"EBAY","58.48","2015-03-03","10:30:48","746023"
"EBAY","58.49","2015-03-03","10:31:49","767152"
"EBAY","58.49","2015-03-03","10:32:49","789976"
"EBAY","58.47","2015-03-03","10:33:50","805033"
"EBAY","58.56","2015-03-03","10:34:50","820831"
"EBAY","58.49","2015-03-03","10:35:50","829288"
"EBAY","58.48","2015-03-03","10:36:51","841236"
"EBAY","58.46","2015-03-03","10:37:52","844441"
"EBAY","58.42","2015-03-03","10:38:52","851037"
"EBAY","58.40","2015-03-03","10:40:11","862903"
"EBAY","58.36","2015-03-03","10:41:13","878412"
"EBAY","58.40","2015-03-03","10:42:13","895566"
"EBAY","58.36","2015-03-03","10:43:14","910303"
"EBAY","58.32","2015-03-03","10:44:29","923119"
"EBAY","58.29","2015-03-03","10:45:29","934820"
"EBAY","58.30","2015-03-03","10:46:43","940423"
"EBAY","58.41","2015-03-03","10:47:44","953040"
"EBAY","58.39","2015-03-03","10:49:06","965655"
"EBAY","58.41","2015-03-03","10:50:06","976051"
"EBAY","58.38","2015-03-03","10:51:16","981487"
"EBAY","58.39","2015-03-03","10:52:16","986606"
"EBAY","58.40","2015-03-03","10:53:17","993044"
"EBAY","58.43","2015-03-03","10:54:18","1002125"
"EBAY","58.43","2015-03-03","10:55:18","1014291"
"EBAY","58.40","2015-03-03","10:56:47","1028140"
"EBAY","58.42","2015-03-03","10:57:47","1039945"
"EBAY","58.40","2015-03-03","10:58:48","1048903"
"EBAY","58.39","2015-03-03","10:59:49","1057007"
"EBAY","58.37","2015-03-03","11:00:50","1076117"
"EBAY","58.35","2015-03-03","11:01:52","1083713"
"EBAY","58.36","2015-03-03","11:02:53","1091999"
"EBAY","58.36","2015-03-03","11:03:54","1096089"
"EBAY","58.39","2015-03-03","11:04:54","1104790"
"EBAY","58.33","2015-03-03","11:05:55","1113922"
"EBAY","58.28","2015-03-03","11:06:56","1124454"
"EBAY","58.30","2015-03-03","11:07:57","1131348"
"EBAY","58.33","2015-03-03","11:08:58","1139840"
"EBAY","58.29","2015-03-03","11:09:59","1145812"
"EBAY","58.31","2015-03-03","11:10:59","1158024"
"EBAY","58.32","2015-03-03","11:12:00","1166869"
"EBAY","58.31","2015-03-03","11:13:00","1172869"
"EBAY","58.29","2015-03-03","11:14:01","1181950"
"EBAY","58.28","2015-03-03","11:15:02","1187375"
"EBAY","58.20","2015-03-03","11:16:02","1196806"
"EBAY","58.17","2015-03-03","11:17:03","1243883"
"EBAY","58.17","2015-03-03","11:18:07","1258685"
"EBAY","58.23","2015-03-03","11:19:07","1269395"
"EBAY","58.23","2015-03-03","11:20:13","1274919"
"EBAY","58.23","2015-03-03","11:21:13","1280168"
"EBAY","58.27","2015-03-03","11:22:15","1291416"
"EBAY","58.27","2015-03-03","11:23:15","1294346"
"EBAY","58.19","2015-03-03","11:24:15","1302963"
"EBAY","58.20","2015-03-03","11:25:16","1317541"
"EBAY","58.15","2015-03-03","11:26:16","1323778"
"EBAY","58.14","2015-03-03","11:27:17","1330046"
"EBAY","58.16","2015-03-03","11:28:18","1341195"
"EBAY","58.11","2015-03-03","11:29:18","1347610"
"EBAY","58.12","2015-03-03","11:30:20","1360781"
"EBAY","58.15","2015-03-03","11:31:20","1369014"
"EBAY","58.18","2015-03-03","11:32:21","1377898"
"EBAY","58.15","2015-03-03","11:33:22","1388914"
"EBAY","58.14","2015-03-03","11:34:22","1393780"
"EBAY","58.13","2015-03-03","11:35:23","1402218"
"EBAY","58.14","2015-03-03","11:36:32","1423186"
"EBAY","58.06","2015-03-03","11:37:33","1445344"
"EBAY","58.06","2015-03-03","11:38:33","1460768"
"EBAY","58.06","2015-03-03","11:39:34","1487981"
"EBAY","58.09","2015-03-03","11:40:34","1518964"
"EBAY","58.10","2015-03-03","11:41:35","1530955"
"EBAY","58.11","2015-03-03","11:42:37","1541371"
"EBAY","58.12","2015-03-03","11:43:42","1546843"
"EBAY","58.11","2015-03-03","11:44:43","1561929"
"EBAY","58.13","2015-03-03","11:45:53","1579048"
"EBAY","58.15","2015-03-03","11:46:54","1618743"
"EBAY","58.16","2015-03-03","11:47:55","1625917"
"EBAY","58.17","2015-03-03","11:49:05","1631041"
"EBAY","58.15","2015-03-03","11:50:05","1670804"
"EBAY","58.16","2015-03-03","11:51:06","1676956"
"EBAY","58.16","2015-03-03","11:52:06","1686639"
"EBAY","58.19","2015-03-03","11:53:07","1693549"
"EBAY","58.14","2015-03-03","12:24:48","1982703"
"EBAY","58.17","2015-03-03","12:25:49","2005170"
"EBAY","58.16","2015-03-03","12:26:49","2013492"
"EBAY","58.14","2015-03-03","12:27:50","2021026"
"EBAY","58.13","2015-03-03","12:28:50","2043384"
"EBAY","58.12","2015-03-03","12:29:51","2045530"
"EBAY","58.14","2015-03-03","12:30:51","2053350"
"EBAY","58.11","2015-03-03","12:31:52","2076430"
"EBAY","58.12","2015-03-03","12:32:53","2089274"
"EBAY","58.10","2015-03-03","12:33:53","2094169"
"EBAY","58.07","2015-03-03","12:35:06","2108808"
"EBAY","58.05","2015-03-03","12:36:06","2114190"
"EBAY","58.02","2015-03-03","12:37:07","2121470"
"EBAY","58.05","2015-03-03","12:38:07","2128915"
"EBAY","58.09","2015-03-03","12:39:08","2142194"
"EBAY","58.11","2015-03-03","12:40:08","2149115"
"EBAY","58.09","2015-03-03","12:41:08","2178176"
"EBAY","58.11","2015-03-03","12:42:16","2188102"
"EBAY","58.11","2015-03-03","12:43:16","2197185"
"EBAY","58.12","2015-03-03","12:44:17","2198520"
"EBAY","58.11","2015-03-03","12:45:17","2204859"
"EBAY","58.12","2015-03-03","12:46:17","2211503"
"EBAY","58.12","2015-03-03","12:47:18","2218404"
"EBAY","58.15","2015-03-03","12:48:19","2224206"
"EBAY","58.13","2015-03-03","12:49:20","2230433"
"EBAY","58.11","2015-03-03","12:50:20","2236385"
"EBAY","58.16","2015-03-03","12:51:20","2241423"
"EBAY","58.17","2015-03-03","12:52:21","2244751"
"EBAY","58.16","2015-03-03","12:53:22","2249651"
"EBAY","58.17","2015-03-03","12:54:23","2252087"
"EBAY","58.17","2015-03-03","12:55:23","2254123"
"EBAY","58.17","2015-03-03","12:56:23","2261984"
"EBAY","58.15","2015-03-03","12:57:24","2266743"
"EBAY","58.17","2015-03-03","12:58:24","2275265"
"EBAY","58.19","2015-03-03","12:59:25","2280341"
"EBAY","58.17","2015-03-03","13:00:25","2282641"
"EBAY","58.15","2015-03-03","13:01:26","2285351"
"EBAY","58.15","2015-03-03","13:02:26","2291192"
"EBAY","58.15","2015-03-03","13:03:27","2294589"
"EBAY","58.15","2015-03-03","13:04:28","2298872"
"EBAY","58.16","2015-03-03","13:05:29","2303606"
"EBAY","58.15","2015-03-03","13:06:29","2317514"
"EBAY","58.17","2015-03-03","13:07:31","2321106"
"EBAY","58.16","2015-03-03","13:08:31","2326010"
"EBAY","58.16","2015-03-03","13:09:32","2330302"
"EBAY","58.16","2015-03-03","13:10:32","2332787"
"EBAY","58.16","2015-03-03","13:11:33","2334963"
"EBAY","58.21","2015-03-03","13:12:33","2349851"
"EBAY","58.20","2015-03-03","13:13:34","2356616"
"EBAY","58.21","2015-03-03","13:14:35","2371261"
"EBAY","58.23","2015-03-03","13:15:35","2378560"
"EBAY","58.25","2015-03-03","13:16:36","2393088"
"EBAY","58.20","2015-03-03","13:17:36","2466747"
"EBAY","58.20","2015-03-03","13:18:37","2470542"
"EBAY","58.19","2015-03-03","13:19:37","2472808"
"EBAY","58.19","2015-03-03","13:20:37","2473184"
"EBAY","58.23","2015-03-03","13:21:38","2479642"
"EBAY","58.23","2015-03-03","13:22:38","2479846"
"EBAY","58.25","2015-03-03","13:23:39","2483637"
"EBAY","58.23","2015-03-03","13:24:40","2492845"
"EBAY","58.23","2015-03-03","13:25:42","2497948"
"EBAY","58.22","2015-03-03","13:26:43","2499698"
"EBAY","58.20","2015-03-03","13:27:43","2509855"
"EBAY","58.19","2015-03-03","13:28:43","2517915"
"EBAY","58.23","2015-03-03","13:29:44","2525279"
"EBAY","58.21","2015-03-03","13:30:45","2531279"
"EBAY","58.21","2015-03-03","13:31:45","2540324"
"EBAY","58.23","2015-03-03","13:32:47","2549932"
"EBAY","58.22","2015-03-03","13:33:48","2553464"
"EBAY","58.19","2015-03-03","13:34:49","2562224"
"EBAY","58.21","2015-03-03","13:35:50","2565759"
"EBAY","58.20","2015-03-03","13:36:51","2567862"
"EBAY","58.19","2015-03-03","13:37:52","2575327"
"EBAY","58.19","2015-03-03","13:38:54","2576364"
"EBAY","58.21","2015-03-03","13:39:57","2585898"
"EBAY","58.23","2015-03-03","13:40:58","2593226"
"EBAY","58.23","2015-03-03","13:41:58","2600013"
"EBAY","58.23","2015-03-03","13:42:59","2601625"
"EBAY","58.25","2015-03-03","13:43:59","2637483"
"EBAY","58.25","2015-03-03","13:45:00","2663033"
"EBAY","58.25","2015-03-03","13:46:02","2666439"
"EBAY","58.26","2015-03-03","13:47:02","2669148"
"EBAY","58.28","2015-03-03","13:48:03","2674442"
"EBAY","58.31","2015-03-03","13:49:04","2682817"
"EBAY","58.31","2015-03-03","13:50:04","2683557"
"EBAY","58.30","2015-03-03","13:51:04","2701880"
"EBAY","58.27","2015-03-03","13:52:05","2725849"
"EBAY","58.26","2015-03-03","13:53:06","2731708"
"EBAY","58.26","2015-03-03","13:54:06","2736551"
"EBAY","58.25","2015-03-03","13:55:07","2740951"
"EBAY","58.25","2015-03-03","13:56:08","2744191"
"EBAY","58.23","2015-03-03","13:57:09","2748181"
"EBAY","58.22","2015-03-03","13:58:09","2753773"
"EBAY","58.22","2015-03-03","13:59:10","2757023"
"EBAY","58.22","2015-03-03","14:00:10","2765081"
"EBAY","58.23","2015-03-03","14:01:11","2772936"
"EBAY","58.23","2015-03-03","14:02:12","2774312"
"EBAY","58.27","2015-03-03","14:03:12","2798819"
"EBAY","58.29","2015-03-03","14:04:13","2801741"
"EBAY","58.29","2015-03-03","14:05:14","2803378"
"EBAY","58.29","2015-03-03","14:06:15","2803978"
"EBAY","58.29","2015-03-03","14:07:15","2808077"
"EBAY","58.29","2015-03-03","14:08:15","2809683"
"EBAY","58.29","2015-03-03","14:09:16","2826230"
"EBAY","58.31","2015-03-03","14:10:17","2833913"
"EBAY","58.31","2015-03-03","14:11:17","2843369"
"EBAY","58.32","2015-03-03","14:12:36","2851350"
"EBAY","58.29","2015-03-03","14:13:36","2861930"
"EBAY","58.28","2015-03-03","14:14:37","2863130"
"EBAY","58.29","2015-03-03","14:15:37","2864219"
"EBAY","58.31","2015-03-03","14:16:38","2882068"
"EBAY","58.31","2015-03-03","14:17:38","2890858"
"EBAY","58.31","2015-03-03","14:18:38","2893936"
"EBAY","58.28","2015-03-03","14:19:39","2917202"
"EBAY","58.28","2015-03-03","14:20:42","2928351"
"EBAY","58.27","2015-03-03","14:21:43","2943611"
"EBAY","58.26","2015-03-03","14:22:45","2944417"
"EBAY","58.27","2015-03-03","14:23:46","2945531"
"EBAY","58.28","2015-03-03","14:24:46","2955167"
"EBAY","58.30","2015-03-03","14:26:00","2967389"
"EBAY","58.30","2015-03-03","14:27:00","2974041"
"EBAY","58.34","2015-03-03","14:28:01","2986372"
"EBAY","58.33","2015-03-03","14:29:01","3007909"
"EBAY","58.34","2015-03-03","14:30:02","3018726"
"EBAY","58.34","2015-03-03","14:32:42","3037433"
"EBAY","58.33","2015-03-03","14:33:43","3046197"
"EBAY","58.30","2015-03-03","14:34:43","3110002"
"EBAY","58.23","2015-03-03","14:35:43","3158179"
"EBAY","58.22","2015-03-03","14:36:44","3162782"
"EBAY","58.20","2015-03-03","14:37:44","3168824"
"EBAY","58.21","2015-03-03","14:38:45","3181076"
"EBAY","58.22","2015-03-03","14:39:45","3185279"
"EBAY","58.23","2015-03-03","14:40:46","3190985"
"EBAY","58.21","2015-03-03","14:41:46","3198052"
"EBAY","58.21","2015-03-03","14:42:47","3207685"
"EBAY","58.22","2015-03-03","14:44:09","3231661"
"EBAY","58.22","2015-03-03","14:45:10","3234637"
"EBAY","58.25","2015-03-03","14:46:10","3268396"
"EBAY","58.26","2015-03-03","14:47:12","3280075"
"EBAY","58.25","2015-03-03","14:48:12","3286106"
"EBAY","58.20","2015-03-03","14:49:18","3298173"
"EBAY","58.19","2015-03-03","14:50:19","3313723"
"EBAY","58.20","2015-03-03","14:51:20","3321969"
"EBAY","58.21","2015-03-03","14:52:21","3327484"
"EBAY","58.22","2015-03-03","14:53:21","3332850"
"EBAY","58.21","2015-03-03","14:54:22","3336884"
"EBAY","58.20","2015-03-03","14:55:22","3341827"
"EBAY","58.21","2015-03-03","14:56:23","3345090"
"EBAY","58.20","2015-03-03","14:57:23","3353535"
"EBAY","58.14","2015-03-03","14:58:24","3363038"
"EBAY","58.14","2015-03-03","14:59:24","3374053"
"EBAY","58.10","2015-03-03","15:00:25","3380700"
"EBAY","58.10","2015-03-03","15:01:25","3389252"
"EBAY","58.09","2015-03-03","15:02:26","3398119"
"EBAY","58.12","2015-03-03","15:03:26","3412928"
"EBAY","58.15","2015-03-03","15:04:27","3423192"
"EBAY","58.12","2015-03-03","15:05:27","3434029"
"EBAY","58.09","2015-03-03","15:06:28","3443751"
"EBAY","58.10","2015-03-03","15:07:28","3447346"
"EBAY","58.10","2015-03-03","15:08:29","3450649"
"EBAY","58.14","2015-03-03","15:09:29","3473033"
"EBAY","58.16","2015-03-03","15:10:30","3476703"
"EBAY","58.16","2015-03-03","15:11:30","3482461"
"EBAY","58.19","2015-03-03","15:12:31","3485424"
"EBAY","58.19","2015-03-03","15:13:31","3498679"
"EBAY","58.19","2015-03-03","15:14:32","3499529"
"EBAY","58.19","2015-03-03","15:15:32","3513370"
"EBAY","58.19","2015-03-03","15:16:33","3520239"
"EBAY","58.18","2015-03-03","15:18:39","3532903"
"EBAY","58.20","2015-03-03","15:19:40","3555528"
"EBAY","58.20","2015-03-03","15:20:40","3565362"
"EBAY","58.19","2015-03-03","15:21:41","3568528"
"EBAY","58.19","2015-03-03","15:22:42","3570333"
"EBAY","58.17","2015-03-03","15:23:42","3581032"
"EBAY","58.18","2015-03-03","15:24:43","3583195"
"EBAY","58.18","2015-03-03","15:25:43","3606873"
"EBAY","58.18","2015-03-03","15:26:44","3612042"
"EBAY","58.18","2015-03-03","15:27:45","3623387"
"EBAY","58.19","2015-03-03","15:28:45","3639691"
"EBAY","58.18","2015-03-03","15:29:46","3659776"
"EBAY","58.19","2015-03-03","15:30:46","3669696"
"EBAY","58.19","2015-03-03","15:31:47","3677836"
"EBAY","58.19","2015-03-03","15:32:47","3689747"
"EBAY","58.22","2015-03-03","15:33:48","3699871"
"EBAY","58.22","2015-03-03","15:34:49","3705826"
"EBAY","58.21","2015-03-03","15:35:50","3717695"
"EBAY","58.21","2015-03-03","15:36:51","3728975"
"EBAY","58.21","2015-03-03","15:37:51","3734931"
"EBAY","58.23","2015-03-03","15:38:52","3746825"
"EBAY","58.23","2015-03-03","15:39:53","3748692"
"EBAY","58.25","2015-03-03","15:40:53","3776059"
"EBAY","58.26","2015-03-03","15:41:54","3781119"
"EBAY","58.25","2015-03-03","15:42:55","3785101"
"EBAY","58.26","2015-03-03","15:43:55","3787952"
"EBAY","58.25","2015-03-03","15:44:55","3794789"
"EBAY","58.27","2015-03-03","15:45:56","3807899"
"EBAY","58.26","2015-03-03","15:46:56","3831304"
"EBAY","58.27","2015-03-03","15:47:57","3836012"
"EBAY","58.27","2015-03-03","15:48:57","3839750"
"EBAY","58.26","2015-03-03","15:49:58","3856229"
"EBAY","58.26","2015-03-03","15:50:58","3875825"
"EBAY","58.24","2015-03-03","15:51:59","3890039"
"EBAY","58.27","2015-03-03","15:52:59","3901252"
"EBAY","58.26","2015-03-03","15:54:00","3926045"
"EBAY","58.26","2015-03-03","15:55:00","3936710"
"EBAY","58.22","2015-03-03","15:56:01","3956187"
"EBAY","58.22","2015-03-03","15:57:02","3975019"
"EBAY","58.24","2015-03-03","15:58:02","3988469"
"EBAY","58.23","2015-03-03","15:59:03","4004555"
"EBAY","58.25","2015-03-03","16:00:03","4011689"
"EBAY","58.26","2015-03-03","16:01:04","4036537"
"EBAY","58.24","2015-03-03","16:02:04","4051627"
"EBAY","58.24","2015-03-03","16:03:05","4058499"
"EBAY","58.25","2015-03-03","16:04:05","4073468"
"EBAY","58.27","2015-03-03","16:05:06","4108842"
"EBAY","58.27","2015-03-03","16:06:06","4119088"
"EBAY","58.27","2015-03-03","16:07:07","4126414"
"EBAY","58.25","2015-03-03","16:08:07","4151184"
"EBAY","58.24","2015-03-03","16:09:08","4162633"
"EBAY","58.24","2015-03-03","16:10:09","4216389"
"EBAY","58.27","2015-03-03","16:11:09","4264458"
"EBAY","58.25","2015-03-03","16:12:10","4285563"
"EBAY","58.24","2015-03-03","16:13:14","4307871"
"EBAY","58.27","2015-03-03","16:14:15","4362581"
"EBAY","58.26","2015-03-03","16:15:16","4730977"
"EBAY","58.26","2015-03-03","16:16:17","4730977"
"EBAY","58.26","2015-03-03","16:17:17","4731206"
"EBAY","58.26","2015-03-03","16:18:18","4731206"
"EBAY","58.26","2015-03-03","16:19:18","4731206"
"EBAY","58.26","2015-03-03","16:20:19","4731206"
"EBAY","58.26","2015-03-03","16:21:19","4731206"
"EBAY","58.26","2015-03-03","16:22:20","4731206"
"EBAY","58.26","2015-03-03","16:23:20","4731206"
"EBAY","58.26","2015-03-03","16:24:21","4731206"
"EBAY","58.26","2015-03-03","16:25:22","4731206"
"EBAY","58.26","2015-03-03","16:26:23","4731206"
"EBAY","58.26","2015-03-03","16:27:23","4838060"
"EBAY","58.26","2015-03-03","16:28:24","4838060"
"EBAY","58.26","2015-03-03","16:29:25","4838060"
"EBAY","58.26","2015-03-03","16:30:26","4839260"
"EBAY","58.26","2015-03-03","16:31:27","4839260"
"EBAY","58.26","2015-03-03","16:32:28","4839260"
"EBAY","58.26","2015-03-03","16:33:29","4839260"
"EBAY","58.26","2015-03-03","16:34:29","4875460"
"EBAY","58.26","2015-03-03","16:35:31","4880563"
"EBAY","58.26","2015-03-03","16:36:32","4880563"
"EBAY","58.26","2015-03-03","16:37:32","4884812"
"EBAY","58.26","2015-03-03","16:38:33","4884812"
"EBAY","58.26","2015-03-03","16:39:33","4884812"
"EBAY","58.26","2015-03-03","16:40:34","4884812"
"EBAY","58.26","2015-03-03","16:41:34","4884812"
"EBAY","58.26","2015-03-03","16:42:35","4884812"
"EBAY","58.26","2015-03-03","16:43:35","4884812"
"EBAY","58.26","2015-03-03","16:44:36","4885370"
"EBAY","58.26","2015-03-03","16:45:36","4890795"
"EBAY","58.23","2015-03-04","12:01:32","1873928"
"EBAY","58.23","2015-03-04","12:02:33","1877851"
"EBAY","58.23","2015-03-04","12:03:33","1884820"
"EBAY","58.22","2015-03-04","12:04:34","1893163"
"EBAY","58.28","2015-03-04","12:05:34","1920552"
"EBAY","58.20","2015-03-04","12:06:37","1931934"
"EBAY","58.20","2015-03-04","12:07:39","1940036"
"EBAY","58.22","2015-03-04","12:08:41","1945110"
"EBAY","58.22","2015-03-04","12:09:41","1950666"
"EBAY","58.19","2015-03-04","12:10:43","1954948"
"EBAY","58.22","2015-03-04","12:11:43","1958485"
"EBAY","58.23","2015-03-04","12:12:45","1962312"
"EBAY","58.22","2015-03-04","12:13:46","1964812"
"EBAY","58.23","2015-03-04","12:14:47","1966088"
"EBAY","58.23","2015-03-04","12:15:48","1972263"
"EBAY","58.23","2015-03-04","12:16:48","1986320"
"EBAY","58.23","2015-03-04","12:17:49","1988021"
"EBAY","58.24","2015-03-04","12:18:49","1990650"
"EBAY","58.24","2015-03-04","12:19:50","2001287"
"EBAY","58.26","2015-03-04","12:20:51","2008504"
"EBAY","58.30","2015-03-04","12:21:52","2015055"
"EBAY","58.35","2015-03-04","12:22:52","2030898"
"EBAY","58.37","2015-03-04","12:23:54","2039364"
"EBAY","58.43","2015-03-04","12:24:55","2071114"
"EBAY","58.36","2015-03-04","12:25:55","2085553"
"EBAY","58.36","2015-03-04","12:26:56","2089458"
"EBAY","58.34","2015-03-04","12:27:58","2093719"
"EBAY","58.39","2015-03-04","12:28:59","2108358"
"EBAY","58.48","2015-03-04","12:30:00","2135367"
"EBAY","58.44","2015-03-04","12:31:00","2149623"
"EBAY","58.44","2015-03-04","12:32:01","2163165"
"EBAY","58.41","2015-03-04","12:33:01","2172066"
"EBAY","58.40","2015-03-04","12:34:02","2180231"
"EBAY","58.40","2015-03-04","12:35:04","2187752"
"EBAY","58.44","2015-03-04","12:36:04","2197368"
"EBAY","58.46","2015-03-04","12:37:04","2210433"
"EBAY","58.45","2015-03-04","12:38:05","2223611"
"EBAY","58.43","2015-03-04","12:39:05","2231594"
"EBAY","58.43","2015-03-04","12:40:06","2237865"
"EBAY","58.44","2015-03-04","12:41:06","2243715"
"EBAY","58.45","2015-03-04","12:42:06","2246952"
"EBAY","58.45","2015-03-04","12:43:07","2249180"
"EBAY","58.44","2015-03-04","12:44:07","2252582"
"EBAY","58.45","2015-03-04","12:45:10","2261177"
"EBAY","58.46","2015-03-04","12:46:10","2271342"
"EBAY","58.45","2015-03-04","12:47:11","2278193"
"EBAY","58.44","2015-03-04","12:48:12","2284754"
"EBAY","58.48","2015-03-04","12:49:15","2297307"
"EBAY","58.48","2015-03-04","12:50:16","2300636"
"EBAY","58.49","2015-03-04","12:51:16","2305602"
"EBAY","58.51","2015-03-04","12:52:17","2321948"
"EBAY","58.52","2015-03-04","12:53:18","2338564"
"EBAY","58.51","2015-03-04","12:54:20","2349746"
"EBAY","58.53","2015-03-04","12:55:21","2353402"
"EBAY","58.55","2015-03-04","12:56:23","2371900"
"EBAY","58.56","2015-03-04","12:57:25","2400383"
"EBAY","58.61","2015-03-04","12:58:28","2429606"
"EBAY","58.61","2015-03-04","12:59:29","2432246"
"EBAY","58.57","2015-03-04","13:00:30","2440548"
"EBAY","58.59","2015-03-04","13:01:31","2493726"
"EBAY","58.60","2015-03-04","13:02:31","2534675"
"EBAY","58.59","2015-03-04","13:03:32","2545968"
"EBAY","58.59","2015-03-04","13:04:32","2555172"
"EBAY","58.59","2015-03-04","13:05:32","2593506"
"EBAY","58.65","2015-03-04","13:06:33","2611484"
"EBAY","58.68","2015-03-04","13:07:33","2636144"
"EBAY","58.74","2015-03-04","13:08:34","2686441"
"EBAY","58.70","2015-03-04","13:09:34","2710882"
"EBAY","58.74","2015-03-04","13:10:35","2744742"
"EBAY","58.76","2015-03-04","13:11:36","2794129"
"EBAY","58.77","2015-03-04","13:12:37","2803760"
"EBAY","58.75","2015-03-04","13:13:37","2827983"
"EBAY","58.75","2015-03-04","13:14:38","2852236"
"EBAY","58.75","2015-03-04","13:15:38","2868232"
"EBAY","58.69","2015-03-04","13:16:39","2895277"
"EBAY","58.70","2015-03-04","13:17:40","2928571"
"EBAY","58.66","2015-03-04","13:18:40","2941857"
"EBAY","58.65","2015-03-04","13:19:41","2971682"
"EBAY","58.61","2015-03-04","13:20:41","2985027"
"EBAY","58.70","2015-03-04","13:21:41","3007706"
"EBAY","58.66","2015-03-04","13:22:42","3014761"
"EBAY","58.73","2015-03-04","13:23:43","3030451"
"EBAY","58.73","2015-03-04","13:24:45","3039464"
"EBAY","58.72","2015-03-04","13:25:48","3049683"
"EBAY","58.73","2015-03-04","13:26:48","3057746"
"EBAY","58.72","2015-03-04","13:27:49","3060493"
"EBAY","58.72","2015-03-04","13:28:50","3062045"
"EBAY","58.70","2015-03-04","13:29:50","3079377"
"EBAY","58.70","2015-03-04","13:30:50","3082698"
"EBAY","58.66","2015-03-04","13:31:51","3131367"
"EBAY","58.67","2015-03-04","13:32:52","3135914"
"EBAY","58.62","2015-03-04","13:33:52","3144046"
"EBAY","58.56","2015-03-04","13:34:53","3158259"
"EBAY","58.56","2015-03-04","13:35:54","3166847"
"EBAY","58.60","2015-03-04","13:36:55","3174516"
"EBAY","58.68","2015-03-04","13:37:55","3185386"
"EBAY","58.68","2015-03-04","13:38:56","3186659"
"EBAY","58.66","2015-03-04","13:39:56","3199340"
"EBAY","58.66","2015-03-04","13:40:57","3202031"
"EBAY","58.71","2015-03-04","13:41:57","3223028"
"EBAY","58.70","2015-03-04","13:42:58","3228514"
"EBAY","58.70","2015-03-04","13:43:58","3234699"
"EBAY","58.68","2015-03-04","13:44:59","3244691"
"EBAY","58.70","2015-03-04","13:46:00","3248140"
"EBAY","58.63","2015-03-04","13:47:01","3256936"
"EBAY","58.64","2015-03-04","13:48:01","3260904"
"EBAY","58.64","2015-03-04","13:49:03","3262887"
"EBAY","58.66","2015-03-04","13:50:05","3274196"
"EBAY","58.62","2015-03-04","13:51:06","3287703"
"EBAY","58.60","2015-03-04","13:52:07","3292972"
"EBAY","58.58","2015-03-04","13:53:07","3299466"
"EBAY","58.57","2015-03-04","13:54:08","3302341"
"EBAY","58.55","2015-03-04","13:55:08","3324132"
"EBAY","58.59","2015-03-04","13:56:08","3331561"
"EBAY","58.57","2015-03-04","13:57:09","3338109"
"EBAY","58.56","2015-03-04","13:58:10","3343319"
"EBAY","58.55","2015-03-04","13:59:10","3346392"
"EBAY","58.56","2015-03-04","14:00:11","3357700"
"EBAY","58.55","2015-03-04","14:01:11","3360143"
"EBAY","58.52","2015-03-04","14:02:12","3366824"
"EBAY","58.51","2015-03-04","14:03:12","3373580"
"EBAY","58.51","2015-03-04","14:04:12","3377423"
"EBAY","58.53","2015-03-04","14:05:13","3384104"
"EBAY","58.53","2015-03-04","14:06:13","3387682"
"EBAY","58.53","2015-03-04","14:07:14","3394370"
"EBAY","58.52","2015-03-04","14:08:14","3398453"
"EBAY","58.52","2015-03-04","14:09:15","3403473"
"EBAY","58.46","2015-03-04","14:10:15","3417633"
"EBAY","58.40","2015-03-04","14:11:16","3466732"
"EBAY","58.40","2015-03-04","14:12:16","3641572"
"EBAY","58.39","2015-03-04","14:13:16","3645215"
"EBAY","58.38","2015-03-04","14:14:17","3649697"
"EBAY","58.34","2015-03-04","14:15:17","3662688"
"EBAY","58.35","2015-03-04","14:16:18","3676166"
"EBAY","58.35","2015-03-04","14:17:18","3680802"
"EBAY","58.34","2015-03-04","14:18:18","3689224"
"EBAY","58.32","2015-03-04","14:19:19","3692437"
"EBAY","58.31","2015-03-04","14:20:20","3703795"
"EBAY","58.31","2015-03-04","14:21:21","3716855"
"EBAY","58.30","2015-03-04","14:22:21","3734740"
"EBAY","58.32","2015-03-04","14:23:21","3774118"
"EBAY","58.30","2015-03-04","14:24:22","3787438"
"EBAY","58.29","2015-03-04","14:25:23","3800075"
"EBAY","58.28","2015-03-04","14:26:24","3805235"
"EBAY","58.25","2015-03-04","14:27:24","3814522"
"EBAY","58.27","2015-03-04","14:28:25","3819650"
"EBAY","58.23","2015-03-04","14:29:25","3825764"
"EBAY","58.21","2015-03-04","14:30:25","3844516"
"EBAY","58.24","2015-03-04","14:31:26","3865965"
"EBAY","58.24","2015-03-04","14:32:27","3879117"
"EBAY","58.24","2015-03-04","14:33:27","3882882"
"EBAY","58.22","2015-03-04","14:34:28","3901434"
"EBAY","58.23","2015-03-04","14:35:28","3905041"
"EBAY","58.26","2015-03-04","14:36:29","3913480"
"EBAY","58.27","2015-03-04","14:37:30","3919896"
"EBAY","58.29","2015-03-04","14:38:30","3922202"
"EBAY","58.33","2015-03-04","14:39:30","3951578"
"EBAY","58.34","2015-03-04","14:40:31","3958069"
"EBAY","58.33","2015-03-04","14:41:31","3964085"
"EBAY","58.37","2015-03-04","14:42:32","3973943"
"EBAY","58.36","2015-03-04","14:43:32","3980219"
"EBAY","58.34","2015-03-04","14:44:33","3983582"
"EBAY","58.32","2015-03-04","14:45:34","3992048"
"EBAY","58.32","2015-03-04","14:46:34","4002184"
"EBAY","58.31","2015-03-04","14:47:35","4004409"
"EBAY","58.31","2015-03-04","14:48:36","4011678"
"EBAY","58.34","2015-03-04","14:49:36","4016908"
"EBAY","58.36","2015-03-04","14:50:37","4022906"
"EBAY","58.37","2015-03-04","14:51:38","4029922"
"EBAY","58.36","2015-03-04","14:52:39","4036684"
"EBAY","58.31","2015-03-04","14:53:40","4043983"
"EBAY","58.29","2015-03-04","14:54:41","4070566"
"EBAY","58.32","2015-03-04","14:55:41","4080642"
"EBAY","58.34","2015-03-04","14:56:41","4097830"
"EBAY","58.37","2015-03-04","14:57:42","4110587"
"EBAY","58.39","2015-03-04","14:58:43","4112623"
"EBAY","58.37","2015-03-04","14:59:43","4139900"
"EBAY","58.38","2015-03-04","15:00:44","4141328"
"EBAY","58.38","2015-03-04","15:01:44","4146300"
"EBAY","58.38","2015-03-04","15:02:45","4149703"
"EBAY","58.38","2015-03-04","15:03:46","4152319"
"EBAY","58.40","2015-03-04","15:04:46","4168394"
"EBAY","58.40","2015-03-04","15:05:48","4190397"
"EBAY","58.37","2015-03-04","15:06:48","4238339"
"EBAY","58.40","2015-03-04","15:07:49","4252041"
"EBAY","58.40","2015-03-04","15:08:50","4254412"
"EBAY","58.40","2015-03-04","15:09:51","4257327"
"EBAY","58.39","2015-03-04","15:10:52","4279221"
"EBAY","58.39","2015-03-04","15:11:53","4295301"
"EBAY","58.40","2015-03-04","15:12:53","4306940"
"EBAY","58.39","2015-03-04","15:13:54","4312491"
"EBAY","58.37","2015-03-04","15:14:54","4321527"
"EBAY","58.40","2015-03-04","15:15:55","4351421"
"EBAY","58.40","2015-03-04","15:16:55","4371089"
"EBAY","58.39","2015-03-04","15:17:55","4388633"
"EBAY","58.38","2015-03-04","15:18:56","4396359"
"EBAY","58.37","2015-03-04","15:19:56","4415075"
"EBAY","58.33","2015-03-04","15:20:57","4421762"
"EBAY","58.34","2015-03-04","15:21:58","4433297"
"EBAY","58.35","2015-03-04","15:22:58","4438367"
"EBAY","58.34","2015-03-04","15:23:59","4450619"
"EBAY","58.32","2015-03-04","15:24:59","4462821"
"EBAY","58.34","2015-03-04","15:26:00","4481670"
"EBAY","58.34","2015-03-04","15:27:00","4492609"
"EBAY","58.33","2015-03-04","15:28:01","4702215"
"EBAY","58.36","2015-03-04","15:29:01","4714990"
"EBAY","58.36","2015-03-04","15:30:02","4724991"
"EBAY","58.38","2015-03-04","15:31:03","4743793"
"EBAY","58.35","2015-03-04","15:32:03","4756122"
"EBAY","58.36","2015-03-04","15:33:04","4774538"
"EBAY","58.34","2015-03-04","15:34:06","4785407"
"EBAY","58.35","2015-03-04","15:35:07","4810471"
"EBAY","58.35","2015-03-04","15:36:08","4813399"
"EBAY","58.34","2015-03-04","15:37:09","4838943"
"EBAY","58.35","2015-03-04","15:38:10","4844375"
"EBAY","58.37","2015-03-04","15:39:10","4879406"
"EBAY","58.36","2015-03-04","15:40:11","4884984"
"EBAY","58.36","2015-03-04","15:41:11","4895285"
"EBAY","58.36","2015-03-04","15:42:12","4915650"
"EBAY","58.35","2015-03-04","15:43:12","4917221"
"EBAY","58.38","2015-03-04","15:44:13","4925484"
"EBAY","58.38","2015-03-04","15:45:14","4927076"
"EBAY","58.38","2015-03-04","15:46:15","4942865"
"EBAY","58.38","2015-03-04","15:47:16","4956262"
"EBAY","58.40","2015-03-04","15:48:16","4959278"
"EBAY","58.38","2015-03-04","15:49:17","5041769"
"EBAY","58.37","2015-03-04","15:50:17","5054077"
"EBAY","58.37","2015-03-04","15:51:18","5078053"
"EBAY","58.35","2015-03-04","15:52:19","5099661"
"EBAY","58.35","2015-03-04","15:53:19","5109343"
"EBAY","58.36","2015-03-04","15:54:20","5115225"
"EBAY","58.34","2015-03-04","15:55:21","5128047"
"EBAY","58.31","2015-03-04","15:56:22","5143504"
"EBAY","58.39","2015-03-04","15:57:23","5170658"
"EBAY","58.38","2015-03-04","15:58:23","5184639"
"EBAY","58.37","2015-03-04","15:59:25","5202568"
"EBAY","58.37","2015-03-04","16:00:27","5216323"
"EBAY","58.37","2015-03-04","16:01:29","5234794"
"EBAY","58.38","2015-03-04","16:02:29","5250398"
"EBAY","58.37","2015-03-04","16:03:30","5274108"
"EBAY","58.32","2015-03-04","16:04:30","5297993"
"EBAY","58.33","2015-03-04","16:05:31","5318418"
"EBAY","58.32","2015-03-04","16:06:32","5334095"
"EBAY","58.33","2015-03-04","16:07:32","5341776"
"EBAY","58.31","2015-03-04","16:08:33","5354603"
"EBAY","58.29","2015-03-04","16:09:33","5379116"
"EBAY","59.00","2015-03-05","11:56:12","2593877"
"EBAY","58.98","2015-03-05","11:57:13","2597929"
"EBAY","58.97","2015-03-05","11:58:14","2601513"
"EBAY","58.97","2015-03-05","11:59:16","2606932"
"EBAY","58.95","2015-03-05","12:00:17","2610842"
"EBAY","58.95","2015-03-05","12:01:17","2615151"
"EBAY","58.96","2015-03-05","12:02:19","2617475"
"EBAY","58.98","2015-03-05","12:03:20","2623135"
"EBAY","59.00","2015-03-05","12:04:21","2637831"
"EBAY","59.01","2015-03-05","12:05:23","2647720"
"EBAY","59.03","2015-03-05","12:06:24","2668637"
"EBAY","59.02","2015-03-05","12:07:25","2673037"
"EBAY","59.03","2015-03-05","12:08:26","2678870"
"EBAY","59.05","2015-03-05","12:09:27","2684470"
"EBAY","59.04","2015-03-05","12:10:28","2691101"
"EBAY","59.04","2015-03-05","12:11:29","2694113"
"EBAY","59.10","2015-03-05","12:12:30","2710134"
"EBAY","59.14","2015-03-05","12:13:30","2716535"
"EBAY","59.12","2015-03-05","12:14:32","2727896"
"EBAY","59.10","2015-03-05","12:15:33","2744768"
"EBAY","59.07","2015-03-05","12:16:34","2752264"
"EBAY","59.11","2015-03-05","12:17:34","2763387"
"EBAY","59.08","2015-03-05","12:18:35","2798073"
"EBAY","59.12","2015-03-05","12:19:36","2804139"
"EBAY","59.11","2015-03-05","12:20:36","2816992"
"EBAY","59.08","2015-03-05","12:21:37","2821917"
"EBAY","59.09","2015-03-05","12:22:37","2830042"
"EBAY","59.12","2015-03-05","12:23:39","2839167"
"EBAY","59.10","2015-03-05","12:24:40","2847057"
"EBAY","59.12","2015-03-05","12:25:40","2855459"
"EBAY","59.15","2015-03-05","12:26:41","2865188"
"EBAY","59.12","2015-03-05","12:27:42","2871798"
"EBAY","59.09","2015-03-05","12:28:42","2882692"
"EBAY","59.03","2015-03-05","12:29:43","2896294"
"EBAY","59.11","2015-03-05","12:30:44","2902862"
"EBAY","59.12","2015-03-05","12:31:44","2913197"
"EBAY","59.16","2015-03-05","12:32:45","2924889"
"EBAY","59.17","2015-03-05","12:33:46","2932481"
"EBAY","59.14","2015-03-05","12:34:46","2942352"
"EBAY","59.11","2015-03-05","12:35:47","2956751"
"EBAY","59.15","2015-03-05","12:36:47","2966234"
"EBAY","59.18","2015-03-05","12:37:48","2974062"
"EBAY","59.12","2015-03-05","12:40:00","2992028"
"EBAY","59.13","2015-03-05","12:41:01","3000910"
"EBAY","59.11","2015-03-05","12:42:03","3004918"
"EBAY","59.11","2015-03-05","12:43:03","3021287"
"EBAY","59.12","2015-03-05","12:44:03","3030263"
"EBAY","59.14","2015-03-05","12:45:04","3042835"
"EBAY","59.12","2015-03-05","12:46:04","3054108"
"EBAY","59.04","2015-03-05","12:47:05","3067613"
"EBAY","59.06","2015-03-05","12:48:05","3071208"
"EBAY","59.05","2015-03-05","12:49:06","3077010"
"EBAY","59.02","2015-03-05","12:50:06","3081138"
"EBAY","58.97","2015-03-05","12:51:07","3090365"
"EBAY","59.01","2015-03-05","12:52:07","3095269"
"EBAY","59.00","2015-03-05","12:53:08","3099824"
"EBAY","59.02","2015-03-05","12:54:08","3102094"
"EBAY","58.99","2015-03-05","12:55:09","3106274"
"EBAY","58.97","2015-03-05","12:56:10","3112454"
"EBAY","58.96","2015-03-05","12:57:10","3116421"
"EBAY","58.97","2015-03-05","12:58:11","3118662"
"EBAY","58.95","2015-03-05","12:59:12","3126800"
"EBAY","58.95","2015-03-05","13:00:13","3135268"
"EBAY","58.94","2015-03-05","13:01:13","3148255"
"EBAY","58.92","2015-03-05","13:02:14","3153676"
"EBAY","58.88","2015-03-05","13:03:15","3158736"
"EBAY","58.91","2015-03-05","13:04:16","3170478"
"EBAY","58.88","2015-03-05","13:05:17","3175256"
"EBAY","58.92","2015-03-05","13:06:17","3198158"
"EBAY","58.91","2015-03-05","13:07:18","3201658"
"EBAY","58.90","2015-03-05","13:08:19","3203971"
"EBAY","58.88","2015-03-05","13:09:20","3211987"
"EBAY","58.88","2015-03-05","13:10:20","3217424"
"EBAY","58.82","2015-03-05","13:11:21","3247929"
"EBAY","58.85","2015-03-05","13:12:21","3257073"
"EBAY","58.78","2015-03-05","13:13:22","3282776"
"EBAY","58.78","2015-03-05","13:14:22","3312593"
"EBAY","58.81","2015-03-05","13:15:24","3316442"
"EBAY","58.80","2015-03-05","13:16:24","3324006"
"EBAY","58.84","2015-03-05","13:17:24","3330622"
"EBAY","58.83","2015-03-05","13:18:25","3336759"
"EBAY","58.82","2015-03-05","13:19:25","3339269"
"EBAY","58.82","2015-03-05","13:20:26","3340776"
"EBAY","58.83","2015-03-05","13:21:27","3342552"
"EBAY","58.86","2015-03-05","13:22:27","3352955"
"EBAY","58.85","2015-03-05","13:23:28","3356953"
"EBAY","58.84","2015-03-05","13:24:28","3362776"
"EBAY","58.83","2015-03-05","13:25:29","3368107"
"EBAY","58.83","2015-03-05","13:26:29","3371936"
"EBAY","58.82","2015-03-05","13:27:31","3377490"
"EBAY","58.83","2015-03-05","13:28:31","3380685"
"EBAY","58.79","2015-03-05","13:29:32","3390755"
"EBAY","58.80","2015-03-05","13:30:32","3409092"
"EBAY","58.77","2015-03-05","13:31:33","3415221"
"EBAY","58.75","2015-03-05","13:32:34","3428826"
"EBAY","58.77","2015-03-05","13:33:35","3434209"
"EBAY","58.77","2015-03-05","13:34:36","3440077"
"EBAY","58.74","2015-03-05","13:35:36","3447422"
"EBAY","58.71","2015-03-05","13:36:36","3451825"
"EBAY","58.69","2015-03-05","13:37:37","3459789"
"EBAY","58.66","2015-03-05","13:38:37","3465800"
"EBAY","58.73","2015-03-05","13:39:39","3478229"
"EBAY","58.76","2015-03-05","13:40:39","3484817"
"EBAY","58.80","2015-03-05","13:41:39","3493907"
"EBAY","58.80","2015-03-05","13:42:40","3500611"
"EBAY","58.82","2015-03-05","13:43:40","3506461"
"EBAY","58.80","2015-03-05","13:44:41","3516527"
"EBAY","58.80","2015-03-05","13:45:42","3520241"
"EBAY","58.83","2015-03-05","13:46:42","3527807"
"EBAY","58.83","2015-03-05","13:47:42","3529092"
"EBAY","58.86","2015-03-05","13:48:43","3539412"
"EBAY","58.86","2015-03-05","13:49:43","3545032"
"EBAY","58.89","2015-03-05","13:50:44","3551954"
"EBAY","58.90","2015-03-05","13:51:44","3568246"
"EBAY","58.88","2015-03-05","13:52:45","3571444"
"EBAY","58.93","2015-03-05","13:53:45","3585623"
"EBAY","58.93","2015-03-05","13:54:46","3592742"
"EBAY","58.90","2015-03-05","13:55:47","3596142"
"EBAY","58.89","2015-03-05","13:56:47","3602589"
"EBAY","58.89","2015-03-05","13:57:48","3604159"
"EBAY","58.91","2015-03-05","13:58:48","3610142"
"EBAY","58.94","2015-03-05","13:59:49","3615008"
"EBAY","58.95","2015-03-05","14:00:54","3624148"
"EBAY","58.93","2015-03-05","14:01:55","3633841"
"EBAY","58.91","2015-03-05","14:02:56","3637359"
"EBAY","58.92","2015-03-05","14:03:57","3646514"
"EBAY","58.89","2015-03-05","14:04:58","3651079"
"EBAY","58.89","2015-03-05","14:05:59","3656037"
"EBAY","58.88","2015-03-05","14:07:00","3661159"
"EBAY","58.84","2015-03-05","14:08:01","3667802"
"EBAY","58.86","2015-03-05","14:09:03","3674214"
"EBAY","58.88","2015-03-05","14:10:06","3677084"
"EBAY","58.88","2015-03-05","14:11:07","3680940"
"EBAY","58.83","2015-03-05","14:12:07","3696612"
"EBAY","58.83","2015-03-05","14:13:08","3698134"
"EBAY","58.84","2015-03-05","14:14:09","3702017"
"EBAY","58.83","2015-03-05","14:15:09","3710119"
"EBAY","58.83","2015-03-05","14:16:11","3713300"
"EBAY","58.85","2015-03-05","14:17:11","3727972"
"EBAY","58.89","2015-03-05","14:18:12","3737884"
"EBAY","58.89","2015-03-05","14:19:12","3759498"
"EBAY","58.88","2015-03-05","14:20:13","3763631"
"EBAY","58.88","2015-03-05","14:21:13","3769397"
"EBAY","58.88","2015-03-05","14:22:14","3773533"
"EBAY","58.87","2015-03-05","14:23:14","3779775"
"EBAY","58.88","2015-03-05","14:24:15","3792604"
"EBAY","58.87","2015-03-05","14:25:16","3798224"
"EBAY","58.89","2015-03-05","14:26:17","3807156"
"EBAY","58.89","2015-03-05","14:27:17","3808800"
"EBAY","58.86","2015-03-05","14:28:18","3820435"
"EBAY","58.84","2015-03-05","14:29:18","3824574"
"EBAY","58.82","2015-03-05","14:30:19","3832455"
"EBAY","58.85","2015-03-05","14:31:19","3912897"
"EBAY","58.87","2015-03-05","14:32:20","3932503"
"EBAY","58.87","2015-03-05","14:33:20","3953684"
"EBAY","58.85","2015-03-05","14:34:23","3984071"
"EBAY","58.88","2015-03-05","14:35:24","3992295"
"EBAY","58.86","2015-03-05","14:36:24","4006675"
"EBAY","58.84","2015-03-05","14:37:25","4019463"
"EBAY","58.88","2015-03-05","14:38:25","4032591"
"EBAY","58.87","2015-03-05","14:39:26","4037296"
"EBAY","58.85","2015-03-05","14:40:27","4043106"
"EBAY","58.86","2015-03-05","14:41:28","4048510"
"EBAY","58.85","2015-03-05","14:42:28","4049738"
"EBAY","58.83","2015-03-05","14:43:30","4059389"
"EBAY","58.83","2015-03-05","14:44:30","4062151"
"EBAY","58.81","2015-03-05","14:45:31","4068035"
"EBAY","58.81","2015-03-05","14:46:32","4070170"
"EBAY","58.78","2015-03-05","14:47:32","4083017"
"EBAY","58.83","2015-03-05","14:48:33","4094706"
"EBAY","58.83","2015-03-05","14:49:34","4096916"
"EBAY","58.82","2015-03-05","14:50:34","4104394"
"EBAY","58.81","2015-03-05","14:51:35","4113748"
"EBAY","58.85","2015-03-05","14:52:36","4128927"
"EBAY","58.89","2015-03-05","14:53:37","4148406"
"EBAY","58.89","2015-03-05","14:54:37","4162152"
"EBAY","58.89","2015-03-05","14:55:38","4172736"
"EBAY","58.92","2015-03-05","14:56:38","4190289"
"EBAY","58.92","2015-03-05","14:57:40","4195509"
"EBAY","58.89","2015-03-05","14:58:40","4230624"
"EBAY","58.89","2015-03-05","14:59:41","4239844"
"EBAY","58.90","2015-03-05","15:00:42","4252953"
"EBAY","58.92","2015-03-05","15:01:42","4259537"
"EBAY","58.93","2015-03-05","15:02:43","4262299"
"EBAY","58.94","2015-03-05","15:03:44","4273997"
"EBAY","58.92","2015-03-05","15:04:44","4281757"
"EBAY","58.89","2015-03-05","15:05:45","4287310"
"EBAY","58.91","2015-03-05","15:06:45","4295162"
"EBAY","58.94","2015-03-05","15:07:46","4305287"
"EBAY","58.96","2015-03-05","15:08:46","4323891"
"EBAY","59.03","2015-03-05","15:09:47","4369843"
"EBAY","59.05","2015-03-05","15:10:47","4548987"
"EBAY","59.06","2015-03-05","15:11:48","4562265"
"EBAY","59.07","2015-03-05","15:12:49","4592838"
"EBAY","59.07","2015-03-05","15:13:49","4605396"
"EBAY","59.07","2015-03-05","15:14:49","4646573"
"EBAY","59.08","2015-03-05","15:15:50","4667152"
"EBAY","59.04","2015-03-05","15:16:51","4685254"
"EBAY","59.01","2015-03-05","15:17:51","4701144"
"EBAY","59.05","2015-03-05","15:18:51","4714955"
"EBAY","59.03","2015-03-05","15:19:52","4740876"
"EBAY","59.03","2015-03-05","15:20:53","4751121"
"EBAY","59.05","2015-03-05","15:21:53","4780644"
"EBAY","59.01","2015-03-05","15:22:54","4789452"
"EBAY","58.99","2015-03-05","15:23:55","4805619"
"EBAY","58.99","2015-03-05","15:25:02","4835820"
"EBAY","59.02","2015-03-05","15:27:33","4854812"
"EBAY","59.03","2015-03-05","15:29:35","4878326"
"EBAY","59.05","2015-03-05","15:30:35","4889989"
"EBAY","59.04","2015-03-05","15:31:36","4910673"
"EBAY","59.07","2015-03-05","15:32:36","4939678"
"EBAY","59.06","2015-03-05","15:33:37","4948301"
"EBAY","59.07","2015-03-05","15:34:37","4956336"
"EBAY","59.07","2015-03-05","15:35:38","4965333"
"EBAY","59.08","2015-03-05","15:36:38","4975085"
"EBAY","59.09","2015-03-05","15:37:39","4994707"
"EBAY","59.12","2015-03-05","15:38:39","5017901"
"EBAY","59.11","2015-03-05","15:39:40","5047755"
"EBAY","59.12","2015-03-05","15:40:41","5060338"
"EBAY","59.12","2015-03-05","15:41:42","5074370"
"EBAY","59.10","2015-03-05","15:42:42","5090502"
"EBAY","59.08","2015-03-05","15:43:43","5101027"
"EBAY","59.12","2015-03-05","15:44:43","5118533"
"EBAY","59.12","2015-03-05","15:45:44","5139516"
"EBAY","59.07","2015-03-05","15:46:45","5172407"
"EBAY","59.04","2015-03-05","15:47:46","5187192"
"EBAY","59.04","2015-03-05","15:48:48","5197521"
"EBAY","59.04","2015-03-05","15:49:49","5242873"
"EBAY","59.03","2015-03-05","15:50:49","5265910"
"EBAY","59.07","2015-03-05","15:51:51","5367051"
"EBAY","59.07","2015-03-05","15:52:52","5379723"
"EBAY","59.07","2015-03-05","15:53:53","5397070"
"EBAY","59.05","2015-03-05","15:54:53","5419497"
"EBAY","59.04","2015-03-05","15:55:55","5442577"
"EBAY","59.08","2015-03-05","15:56:56","5457414"
"EBAY","59.09","2015-03-05","15:57:57","5462901"
"EBAY","59.08","2015-03-05","15:58:57","5473543"
"EBAY","59.09","2015-03-05","15:59:58","5498191"
"EBAY","59.03","2015-03-05","16:00:58","5548490"
"EBAY","59.05","2015-03-05","16:01:59","5576784"
"EBAY","59.01","2015-03-05","16:03:01","5596504"
"EBAY","59.01","2015-03-05","16:04:01","5606032"
"EBAY","59.07","2015-03-05","16:05:02","5666308"
"EBAY","59.09","2015-03-05","16:06:04","5726926"
"EBAY","59.10","2015-03-05","16:07:05","5773411"
"EBAY","59.09","2015-03-05","16:08:06","5819235"
