"GOOG","571.34","2015-03-03","09:28:45","741"
"GOOG","571.34","2015-03-03","09:29:48","741"
"GOOG","571.34","2015-03-03","09:30:49","741"
"GOOG","571.34","2015-03-03","09:31:50","841"
"GOOG","571.34","2015-03-03","09:32:54","841"
"GOOG","571.34","2015-03-03","09:33:55","961"
"GOOG","571.34","2015-03-03","09:34:59","961"
"GOOG","571.34","2015-03-03","09:36:00","976"
"GOOG","571.34","2015-03-03","09:37:00","976"
"GOOG","571.34","2015-03-03","09:38:03","976"
"GOOG","571.34","2015-03-03","09:39:04","976"
"GOOG","571.34","2015-03-03","09:40:05","976"
"GOOG","571.34","2015-03-03","09:41:06","976"
"GOOG","571.34","2015-03-03","09:42:07","976"
"GOOG","571.34","2015-03-03","09:43:30","1996"
"GOOG","571.34","2015-03-03","09:44:31","1996"
"GOOG","571.42","2015-03-03","09:45:31","43271"
"GOOG","570.23","2015-03-03","09:46:32","57189"
"GOOG","571.10","2015-03-03","09:47:33","67600"
"GOOG","572.87","2015-03-03","09:48:34","83461"
"GOOG","572.28","2015-03-03","09:49:34","94059"
"GOOG","571.74","2015-03-03","09:50:35","101222"
"GOOG","571.08","2015-03-03","09:51:36","109471"
"GOOG","570.83","2015-03-03","09:52:39","122331"
"GOOG","572.44","2015-03-03","09:53:43","132152"
"GOOG","572.24","2015-03-03","09:54:51","139671"
"GOOG","570.90","2015-03-03","09:55:54","150154"
"GOOG","568.40","2015-03-03","09:56:56","164863"
"GOOG","569.66","2015-03-03","09:58:02","176361"
"GOOG","570.36","2015-03-03","09:59:03","182291"
"GOOG","570.89","2015-03-03","10:00:19","187314"
"GOOG","569.80","2015-03-03","10:01:19","191499"
"GOOG","570.50","2015-03-03","10:02:21","194117"
"GOOG","569.95","2015-03-03","10:03:22","196141"
"GOOG","569.96","2015-03-03","10:04:23","197231"
"GOOG","568.57","2015-03-03","10:05:23","214211"
"GOOG","568.84","2015-03-03","10:06:24","234365"
"GOOG","568.80","2015-03-03","10:07:25","241029"
"GOOG","568.85","2015-03-03","10:08:25","250707"
"GOOG","568.74","2015-03-03","10:09:27","253928"
"GOOG","568.03","2015-03-03","10:10:27","264499"
"GOOG","568.18","2015-03-03","10:11:32","273564"
"GOOG","568.55","2015-03-03","10:12:33","275935"
"GOOG","569.28","2015-03-03","10:13:33","282504"
"GOOG","569.17","2015-03-03","10:14:34","287787"
"GOOG","568.45","2015-03-03","10:15:34","294345"
"GOOG","567.05","2015-03-03","10:16:40","310102"
"GOOG","567.81","2015-03-03","10:17:41","324789"
"GOOG","567.25","2015-03-03","10:18:41","327977"
"GOOG","566.87","2015-03-03","10:19:42","333815"
"GOOG","567.17","2015-03-03","10:20:42","336316"
"GOOG","566.90","2015-03-03","10:21:43","340657"
"GOOG","566.55","2015-03-03","10:22:43","344584"
"GOOG","566.80","2015-03-03","10:23:44","348263"
"GOOG","567.25","2015-03-03","10:24:44","350580"
"GOOG","567.46","2015-03-03","10:25:45","354940"
"GOOG","567.00","2015-03-03","10:26:46","358668"
"GOOG","567.46","2015-03-03","10:27:46","360591"
"GOOG","567.64","2015-03-03","10:28:47","362419"
"GOOG","567.25","2015-03-03","10:29:47","365141"
"GOOG","567.35","2015-03-03","10:30:48","369451"
"GOOG","567.78","2015-03-03","10:31:49","371546"
"GOOG","567.77","2015-03-03","10:32:49","374379"
"GOOG","569.15","2015-03-03","10:33:50","378070"
"GOOG","569.89","2015-03-03","10:34:50","381553"
"GOOG","569.12","2015-03-03","10:35:50","384932"
"GOOG","569.04","2015-03-03","10:36:51","386862"
"GOOG","569.02","2015-03-03","10:37:52","389994"
"GOOG","568.69","2015-03-03","10:38:52","393377"
"GOOG","568.80","2015-03-03","10:40:11","394800"
"GOOG","567.67","2015-03-03","10:41:13","398655"
"GOOG","568.55","2015-03-03","10:42:13","405818"
"GOOG","568.66","2015-03-03","10:43:14","409375"
"GOOG","568.51","2015-03-03","10:44:29","412699"
"GOOG","568.32","2015-03-03","10:45:29","415651"
"GOOG","568.03","2015-03-03","10:46:43","416920"
"GOOG","568.35","2015-03-03","10:47:44","419217"
"GOOG","567.94","2015-03-03","10:49:06","421129"
"GOOG","567.68","2015-03-03","10:50:06","427573"
"GOOG","567.68","2015-03-03","10:51:16","429846"
"GOOG","567.72","2015-03-03","10:52:16","432508"
"GOOG","568.32","2015-03-03","10:53:17","438117"
"GOOG","569.23","2015-03-03","10:54:17","442161"
"GOOG","569.36","2015-03-03","10:55:18","445021"
"GOOG","569.41","2015-03-03","10:56:47","446802"
"GOOG","570.25","2015-03-03","10:57:47","449996"
"GOOG","569.89","2015-03-03","10:58:48","454047"
"GOOG","570.43","2015-03-03","10:59:49","456672"
"GOOG","571.04","2015-03-03","11:00:50","467616"
"GOOG","569.98","2015-03-03","11:01:52","471940"
"GOOG","570.26","2015-03-03","11:02:53","472540"
"GOOG","570.12","2015-03-03","11:03:54","476573"
"GOOG","570.05","2015-03-03","11:04:54","480338"
"GOOG","570.17","2015-03-03","11:05:55","484427"
"GOOG","569.80","2015-03-03","11:06:56","486105"
"GOOG","569.95","2015-03-03","11:07:57","486833"
"GOOG","570.12","2015-03-03","11:08:58","487783"
"GOOG","570.15","2015-03-03","11:09:59","488604"
"GOOG","569.76","2015-03-03","11:10:59","493342"
"GOOG","569.80","2015-03-03","11:12:00","497934"
"GOOG","569.41","2015-03-03","11:13:00","499103"
"GOOG","569.44","2015-03-03","11:14:01","499807"
"GOOG","569.06","2015-03-03","11:15:02","503057"
"GOOG","568.37","2015-03-03","11:16:02","505974"
"GOOG","568.34","2015-03-03","11:17:03","510936"
"GOOG","568.40","2015-03-03","11:18:07","511508"
"GOOG","568.57","2015-03-03","11:19:07","513838"
"GOOG","568.60","2015-03-03","11:20:13","517151"
"GOOG","568.50","2015-03-03","11:21:13","521431"
"GOOG","568.54","2015-03-03","11:22:14","523698"
"GOOG","568.35","2015-03-03","11:23:15","532896"
"GOOG","568.07","2015-03-03","11:24:15","534922"
"GOOG","568.32","2015-03-03","11:25:16","538592"
"GOOG","568.22","2015-03-03","11:26:16","546745"
"GOOG","567.91","2015-03-03","11:27:17","547942"
"GOOG","567.89","2015-03-03","11:28:18","550361"
"GOOG","568.13","2015-03-03","11:29:18","560622"
"GOOG","568.00","2015-03-03","11:30:19","564912"
"GOOG","568.00","2015-03-03","11:31:20","571312"
"GOOG","568.02","2015-03-03","11:32:21","573316"
"GOOG","568.00","2015-03-03","11:33:22","578387"
"GOOG","567.86","2015-03-03","11:34:22","581888"
"GOOG","567.97","2015-03-03","11:35:23","582893"
"GOOG","568.78","2015-03-03","11:36:32","584550"
"GOOG","568.89","2015-03-03","11:37:33","586511"
"GOOG","568.99","2015-03-03","11:38:33","587930"
"GOOG","568.76","2015-03-03","11:39:34","591309"
"GOOG","568.59","2015-03-03","11:40:34","592432"
"GOOG","568.66","2015-03-03","11:41:35","599723"
"GOOG","568.66","2015-03-03","11:42:36","611021"
"GOOG","568.43","2015-03-03","11:43:41","613360"
"GOOG","568.26","2015-03-03","11:44:43","616215"
"GOOG","568.26","2015-03-03","11:45:53","616230"
"GOOG","568.09","2015-03-03","11:46:54","616931"
"GOOG","568.03","2015-03-03","11:47:55","619962"
"GOOG","568.49","2015-03-03","11:49:05","623094"
"GOOG","568.12","2015-03-03","11:50:05","626194"
"GOOG","568.00","2015-03-03","11:51:06","629122"
"GOOG","568.00","2015-03-03","11:52:06","629453"
"GOOG","568.08","2015-03-03","11:53:07","631743"
"GOOG","568.87","2015-03-03","12:24:48","714578"
"GOOG","569.05","2015-03-03","12:25:49","718515"
"GOOG","569.09","2015-03-03","12:26:49","719713"
"GOOG","568.89","2015-03-03","12:27:50","724797"
"GOOG","568.73","2015-03-03","12:28:50","725938"
"GOOG","569.05","2015-03-03","12:29:51","726629"
"GOOG","568.85","2015-03-03","12:30:51","728619"
"GOOG","569.06","2015-03-03","12:31:52","733509"
"GOOG","568.84","2015-03-03","12:32:53","735338"
"GOOG","568.81","2015-03-03","12:33:53","735664"
"GOOG","568.97","2015-03-03","12:35:06","736161"
"GOOG","568.88","2015-03-03","12:36:06","737322"
"GOOG","568.73","2015-03-03","12:37:07","739832"
"GOOG","568.98","2015-03-03","12:38:07","741744"
"GOOG","568.83","2015-03-03","12:39:08","748310"
"GOOG","569.14","2015-03-03","12:40:08","750778"
"GOOG","568.26","2015-03-03","12:41:08","756068"
"GOOG","568.22","2015-03-03","12:42:16","761360"
"GOOG","568.45","2015-03-03","12:43:16","764406"
"GOOG","568.39","2015-03-03","12:44:17","767111"
"GOOG","568.55","2015-03-03","12:45:17","767415"
"GOOG","568.70","2015-03-03","12:46:17","771546"
"GOOG","568.75","2015-03-03","12:47:18","773084"
"GOOG","568.69","2015-03-03","12:48:19","774275"
"GOOG","568.68","2015-03-03","12:49:19","777645"
"GOOG","568.63","2015-03-03","12:50:20","778805"
"GOOG","569.03","2015-03-03","12:51:20","783640"
"GOOG","569.18","2015-03-03","12:52:21","784732"
"GOOG","569.74","2015-03-03","12:53:22","786834"
"GOOG","569.79","2015-03-03","12:54:23","787895"
"GOOG","569.80","2015-03-03","12:55:23","790487"
"GOOG","569.62","2015-03-03","12:56:23","790858"
"GOOG","569.58","2015-03-03","12:57:24","798420"
"GOOG","569.87","2015-03-03","12:58:24","802236"
"GOOG","570.65","2015-03-03","12:59:25","806337"
"GOOG","570.27","2015-03-03","13:00:25","814467"
"GOOG","570.00","2015-03-03","13:01:26","816049"
"GOOG","569.98","2015-03-03","13:02:26","816503"
"GOOG","570.00","2015-03-03","13:03:27","818740"
"GOOG","569.86","2015-03-03","13:04:28","820925"
"GOOG","569.48","2015-03-03","13:05:29","824054"
"GOOG","569.96","2015-03-03","13:06:29","824734"
"GOOG","570.00","2015-03-03","13:07:31","825933"
"GOOG","569.85","2015-03-03","13:08:31","828989"
"GOOG","569.97","2015-03-03","13:09:32","830096"
"GOOG","569.97","2015-03-03","13:10:32","831941"
"GOOG","570.01","2015-03-03","13:11:33","833756"
"GOOG","570.49","2015-03-03","13:12:33","834892"
"GOOG","570.68","2015-03-03","13:13:34","836238"
"GOOG","570.80","2015-03-03","13:14:35","838506"
"GOOG","571.01","2015-03-03","13:15:35","846724"
"GOOG","571.85","2015-03-03","13:16:36","852540"
"GOOG","571.34","2015-03-03","13:17:36","855581"
"GOOG","571.49","2015-03-03","13:18:37","858125"
"GOOG","571.28","2015-03-03","13:19:37","861038"
"GOOG","571.05","2015-03-03","13:20:37","861762"
"GOOG","571.00","2015-03-03","13:21:38","870531"
"GOOG","571.30","2015-03-03","13:22:38","870978"
"GOOG","571.30","2015-03-03","13:23:39","872174"
"GOOG","571.08","2015-03-03","13:24:40","873608"
"GOOG","570.90","2015-03-03","13:25:42","874111"
"GOOG","570.99","2015-03-03","13:26:43","880222"
"GOOG","570.88","2015-03-03","13:27:43","888039"
"GOOG","570.70","2015-03-03","13:28:43","893009"
"GOOG","570.83","2015-03-03","13:29:44","902268"
"GOOG","570.91","2015-03-03","13:30:45","913685"
"GOOG","570.86","2015-03-03","13:31:45","920590"
"GOOG","571.04","2015-03-03","13:32:47","928312"
"GOOG","571.05","2015-03-03","13:33:48","935238"
"GOOG","570.99","2015-03-03","13:34:49","938344"
"GOOG","570.56","2015-03-03","13:35:50","940502"
"GOOG","570.83","2015-03-03","13:36:51","940687"
"GOOG","570.93","2015-03-03","13:37:52","944535"
"GOOG","571.08","2015-03-03","13:38:53","944812"
"GOOG","570.78","2015-03-03","13:39:57","945262"
"GOOG","571.05","2015-03-03","13:40:58","945698"
"GOOG","570.69","2015-03-03","13:41:58","946919"
"GOOG","571.12","2015-03-03","13:42:59","947776"
"GOOG","571.14","2015-03-03","13:43:59","949483"
"GOOG","571.33","2015-03-03","13:45:00","950883"
"GOOG","571.19","2015-03-03","13:46:01","952788"
"GOOG","570.76","2015-03-03","13:47:02","957885"
"GOOG","571.33","2015-03-03","13:48:03","959145"
"GOOG","571.71","2015-03-03","13:49:04","967167"
"GOOG","571.48","2015-03-03","13:50:04","974224"
"GOOG","571.51","2015-03-03","13:51:04","990590"
"GOOG","571.69","2015-03-03","13:52:05","995284"
"GOOG","571.90","2015-03-03","13:53:06","995880"
"GOOG","571.64","2015-03-03","13:54:06","996186"
"GOOG","571.65","2015-03-03","13:55:07","997466"
"GOOG","571.33","2015-03-03","13:56:08","1001888"
"GOOG","571.69","2015-03-03","13:57:08","1012399"
"GOOG","571.52","2015-03-03","13:58:09","1018366"
"GOOG","571.45","2015-03-03","13:59:10","1021284"
"GOOG","571.40","2015-03-03","14:00:10","1022683"
"GOOG","571.49","2015-03-03","14:01:11","1031197"
"GOOG","571.67","2015-03-03","14:02:12","1034601"
"GOOG","571.77","2015-03-03","14:03:12","1035840"
"GOOG","571.58","2015-03-03","14:04:13","1039479"
"GOOG","571.57","2015-03-03","14:05:14","1045833"
"GOOG","571.68","2015-03-03","14:06:15","1046455"
"GOOG","571.63","2015-03-03","14:07:15","1050205"
"GOOG","571.79","2015-03-03","14:08:15","1051341"
"GOOG","571.59","2015-03-03","14:09:16","1052357"
"GOOG","571.89","2015-03-03","14:10:17","1055997"
"GOOG","571.69","2015-03-03","14:11:17","1056578"
"GOOG","571.60","2015-03-03","14:12:36","1058564"
"GOOG","571.37","2015-03-03","14:13:36","1060447"
"GOOG","571.25","2015-03-03","14:14:37","1061068"
"GOOG","571.10","2015-03-03","14:15:37","1062093"
"GOOG","571.42","2015-03-03","14:16:38","1064502"
"GOOG","571.09","2015-03-03","14:17:38","1067164"
"GOOG","570.49","2015-03-03","14:18:38","1072752"
"GOOG","570.43","2015-03-03","14:19:39","1077023"
"GOOG","571.01","2015-03-03","14:20:42","1080379"
"GOOG","571.18","2015-03-03","14:21:43","1081456"
"GOOG","570.81","2015-03-03","14:22:45","1083464"
"GOOG","571.02","2015-03-03","14:23:46","1085288"
"GOOG","570.99","2015-03-03","14:24:46","1089006"
"GOOG","571.41","2015-03-03","14:25:59","1091292"
"GOOG","571.33","2015-03-03","14:27:00","1099661"
"GOOG","572.05","2015-03-03","14:28:01","1105337"
"GOOG","572.00","2015-03-03","14:29:01","1113389"
"GOOG","571.98","2015-03-03","14:30:02","1115947"
"GOOG","571.87","2015-03-03","14:32:42","1123327"
"GOOG","572.15","2015-03-03","14:33:43","1126553"
"GOOG","572.03","2015-03-03","14:34:43","1127312"
"GOOG","571.98","2015-03-03","14:35:43","1131573"
"GOOG","572.25","2015-03-03","14:36:44","1134910"
"GOOG","572.54","2015-03-03","14:37:44","1139600"
"GOOG","572.30","2015-03-03","14:38:45","1141835"
"GOOG","572.60","2015-03-03","14:39:45","1143726"
"GOOG","572.57","2015-03-03","14:40:46","1145452"
"GOOG","572.99","2015-03-03","14:41:46","1152823"
"GOOG","573.42","2015-03-03","14:42:47","1163906"
"GOOG","573.67","2015-03-03","14:44:09","1169653"
"GOOG","573.81","2015-03-03","14:45:10","1179026"
"GOOG","573.83","2015-03-03","14:46:10","1183543"
"GOOG","573.68","2015-03-03","14:47:12","1191857"
"GOOG","574.17","2015-03-03","14:48:12","1196813"
"GOOG","574.27","2015-03-03","14:49:18","1202909"
"GOOG","573.82","2015-03-03","14:50:19","1204566"
"GOOG","573.76","2015-03-03","14:51:20","1205404"
"GOOG","573.75","2015-03-03","14:52:21","1207456"
"GOOG","573.64","2015-03-03","14:53:21","1209384"
"GOOG","574.00","2015-03-03","14:54:22","1212296"
"GOOG","573.81","2015-03-03","14:55:22","1214835"
"GOOG","574.09","2015-03-03","14:56:23","1217611"
"GOOG","574.11","2015-03-03","14:57:23","1218549"
"GOOG","573.86","2015-03-03","14:58:24","1220780"
"GOOG","573.75","2015-03-03","14:59:24","1221284"
"GOOG","573.26","2015-03-03","15:00:25","1226691"
"GOOG","573.48","2015-03-03","15:01:25","1228569"
"GOOG","573.81","2015-03-03","15:02:26","1230864"
"GOOG","573.84","2015-03-03","15:03:26","1232507"
"GOOG","573.88","2015-03-03","15:04:27","1240883"
"GOOG","573.62","2015-03-03","15:05:27","1242823"
"GOOG","573.61","2015-03-03","15:06:28","1243835"
"GOOG","573.75","2015-03-03","15:07:28","1247941"
"GOOG","573.89","2015-03-03","15:08:29","1250449"
"GOOG","574.39","2015-03-03","15:09:29","1261267"
"GOOG","574.71","2015-03-03","15:10:30","1267579"
"GOOG","574.87","2015-03-03","15:11:30","1269887"
"GOOG","574.90","2015-03-03","15:12:31","1291937"
"GOOG","575.03","2015-03-03","15:13:31","1300341"
"GOOG","574.78","2015-03-03","15:14:32","1307559"
"GOOG","574.74","2015-03-03","15:15:32","1310146"
"GOOG","574.09","2015-03-03","15:16:33","1312346"
"GOOG","573.98","2015-03-03","15:18:39","1317747"
"GOOG","574.30","2015-03-03","15:19:40","1318763"
"GOOG","573.89","2015-03-03","15:20:40","1326533"
"GOOG","573.94","2015-03-03","15:21:41","1327158"
"GOOG","573.95","2015-03-03","15:22:42","1328343"
"GOOG","574.08","2015-03-03","15:23:42","1330157"
"GOOG","574.01","2015-03-03","15:24:43","1332323"
"GOOG","573.62","2015-03-03","15:25:43","1340929"
"GOOG","573.66","2015-03-03","15:26:44","1344574"
"GOOG","573.76","2015-03-03","15:27:45","1346197"
"GOOG","574.19","2015-03-03","15:28:45","1349749"
"GOOG","574.07","2015-03-03","15:29:46","1353970"
"GOOG","573.85","2015-03-03","15:30:46","1355803"
"GOOG","574.00","2015-03-03","15:31:47","1361941"
"GOOG","573.89","2015-03-03","15:32:47","1363867"
"GOOG","574.19","2015-03-03","15:33:48","1367920"
"GOOG","574.34","2015-03-03","15:34:49","1370297"
"GOOG","574.32","2015-03-03","15:35:50","1371984"
"GOOG","574.23","2015-03-03","15:36:51","1376077"
"GOOG","574.10","2015-03-03","15:37:51","1380621"
"GOOG","574.13","2015-03-03","15:38:52","1385132"
"GOOG","574.23","2015-03-03","15:39:53","1386084"
"GOOG","574.02","2015-03-03","15:40:53","1388655"
"GOOG","573.83","2015-03-03","15:41:54","1391221"
"GOOG","573.85","2015-03-03","15:42:55","1398803"
"GOOG","573.90","2015-03-03","15:43:55","1405931"
"GOOG","573.87","2015-03-03","15:44:55","1407860"
"GOOG","574.13","2015-03-03","15:45:56","1416802"
"GOOG","574.40","2015-03-03","15:46:56","1424380"
"GOOG","574.54","2015-03-03","15:47:57","1425588"
"GOOG","574.38","2015-03-03","15:48:57","1429341"
"GOOG","574.35","2015-03-03","15:49:58","1437001"
"GOOG","574.27","2015-03-03","15:50:58","1440032"
"GOOG","574.34","2015-03-03","15:51:59","1443046"
"GOOG","574.44","2015-03-03","15:52:59","1445221"
"GOOG","574.25","2015-03-03","15:54:00","1448747"
"GOOG","574.36","2015-03-03","15:55:00","1451582"
"GOOG","574.36","2015-03-03","15:56:01","1456684"
"GOOG","574.10","2015-03-03","15:57:02","1463173"
"GOOG","574.12","2015-03-03","15:58:02","1466309"
"GOOG","573.89","2015-03-03","15:59:03","1477759"
"GOOG","573.88","2015-03-03","16:00:03","1504237"
"GOOG","573.99","2015-03-03","16:01:04","1515105"
"GOOG","573.67","2015-03-03","16:02:04","1522322"
"GOOG","573.64","2015-03-03","16:03:05","1526828"
"GOOG","573.67","2015-03-03","16:04:05","1530333"
"GOOG","573.55","2015-03-03","16:05:06","1539647"
"GOOG","573.78","2015-03-03","16:06:06","1548227"
"GOOG","573.70","2015-03-03","16:07:07","1555626"
"GOOG","573.62","2015-03-03","16:08:07","1559910"
"GOOG","573.91","2015-03-03","16:09:08","1563835"
"GOOG","573.80","2015-03-03","16:10:09","1568440"
"GOOG","573.91","2015-03-03","16:11:09","1572698"
"GOOG","573.52","2015-03-03","16:12:10","1579681"
"GOOG","573.55","2015-03-03","16:13:14","1587149"
"GOOG","573.57","2015-03-03","16:14:15","1610390"
"GOOG","573.64","2015-03-03","16:15:16","1676893"
"GOOG","573.64","2015-03-03","16:16:17","1678223"
"GOOG","573.64","2015-03-03","16:17:17","1678224"
"GOOG","573.64","2015-03-03","16:18:18","1678224"
"GOOG","573.64","2015-03-03","16:19:18","1678227"
"GOOG","573.64","2015-03-03","16:20:19","1678576"
"GOOG","573.64","2015-03-03","16:21:19","1678576"
"GOOG","573.64","2015-03-03","16:22:20","1678612"
"GOOG","573.64","2015-03-03","16:23:20","1678612"
"GOOG","573.64","2015-03-03","16:24:21","1678612"
"GOOG","573.64","2015-03-03","16:25:22","1678812"
"GOOG","573.64","2015-03-03","16:26:23","1678812"
"GOOG","573.64","2015-03-03","16:27:23","1679712"
"GOOG","573.64","2015-03-03","16:28:24","1679742"
"GOOG","573.64","2015-03-03","16:29:25","1679742"
"GOOG","573.64","2015-03-03","16:30:26","1680052"
"GOOG","573.64","2015-03-03","16:31:27","1680052"
"GOOG","573.64","2015-03-03","16:32:28","1680052"
"GOOG","573.64","2015-03-03","16:33:29","1680052"
"GOOG","573.64","2015-03-03","16:34:29","1690788"
"GOOG","573.64","2015-03-03","16:35:31","1690788"
"GOOG","573.64","2015-03-03","16:36:32","1690788"
"GOOG","573.64","2015-03-03","16:37:32","1691858"
"GOOG","573.64","2015-03-03","16:38:33","1691865"
"GOOG","573.64","2015-03-03","16:39:33","1691865"
"GOOG","573.64","2015-03-03","16:40:34","1691865"
"GOOG","573.64","2015-03-03","16:41:34","1691865"
"GOOG","573.64","2015-03-03","16:42:35","1691865"
"GOOG","573.64","2015-03-03","16:43:35","1691865"
"GOOG","573.64","2015-03-03","16:44:36","1691865"
"GOOG","573.64","2015-03-03","16:45:36","1694272"
"GOOG","573.77","2015-03-04","12:01:32","850471"
"GOOG","573.64","2015-03-04","12:02:33","854698"
"GOOG","573.34","2015-03-04","12:03:33","855509"
"GOOG","573.57","2015-03-04","12:04:34","856490"
"GOOG","573.47","2015-03-04","12:05:34","860731"
"GOOG","573.36","2015-03-04","12:06:37","868280"
"GOOG","573.27","2015-03-04","12:07:39","868968"
"GOOG","572.82","2015-03-04","12:08:40","870393"
"GOOG","573.00","2015-03-04","12:09:41","885269"
"GOOG","572.66","2015-03-04","12:10:43","886360"
"GOOG","572.66","2015-03-04","12:11:43","886415"
"GOOG","572.96","2015-03-04","12:12:45","887323"
"GOOG","573.28","2015-03-04","12:13:46","889070"
"GOOG","573.08","2015-03-04","12:14:47","890842"
"GOOG","572.53","2015-03-04","12:15:48","893305"
"GOOG","572.46","2015-03-04","12:16:48","899669"
"GOOG","572.60","2015-03-04","12:17:49","908466"
"GOOG","572.84","2015-03-04","12:18:49","910615"
"GOOG","572.79","2015-03-04","12:19:50","911342"
"GOOG","572.54","2015-03-04","12:20:51","912761"
"GOOG","572.80","2015-03-04","12:21:52","914865"
"GOOG","572.87","2015-03-04","12:22:52","915425"
"GOOG","572.98","2015-03-04","12:23:54","916903"
"GOOG","573.15","2015-03-04","12:24:55","918163"
"GOOG","572.76","2015-03-04","12:25:55","919836"
"GOOG","573.10","2015-03-04","12:26:56","920744"
"GOOG","573.51","2015-03-04","12:27:58","921576"
"GOOG","573.56","2015-03-04","12:28:59","922793"
"GOOG","573.56","2015-03-04","12:30:00","925256"
"GOOG","573.52","2015-03-04","12:31:00","925969"
"GOOG","573.76","2015-03-04","12:32:01","929282"
"GOOG","573.89","2015-03-04","12:33:01","930689"
"GOOG","573.65","2015-03-04","12:34:02","932105"
"GOOG","573.75","2015-03-04","12:35:04","932968"
"GOOG","573.90","2015-03-04","12:36:04","935554"
"GOOG","573.59","2015-03-04","12:37:04","938029"
"GOOG","573.59","2015-03-04","12:38:05","938071"
"GOOG","573.59","2015-03-04","12:39:05","940219"
"GOOG","573.40","2015-03-04","12:40:06","940875"
"GOOG","573.30","2015-03-04","12:41:06","941684"
"GOOG","573.21","2015-03-04","12:42:06","943259"
"GOOG","573.09","2015-03-04","12:43:07","943804"
"GOOG","573.00","2015-03-04","12:44:07","945165"
"GOOG","572.83","2015-03-04","12:45:10","946936"
"GOOG","573.04","2015-03-04","12:46:10","951728"
"GOOG","572.69","2015-03-04","12:47:11","960516"
"GOOG","572.59","2015-03-04","12:48:12","962785"
"GOOG","572.88","2015-03-04","12:49:15","964144"
"GOOG","572.93","2015-03-04","12:50:15","965379"
"GOOG","572.33","2015-03-04","12:51:16","968978"
"GOOG","572.52","2015-03-04","12:52:17","971219"
"GOOG","572.38","2015-03-04","12:53:18","972450"
"GOOG","572.48","2015-03-04","12:54:20","973326"
"GOOG","572.30","2015-03-04","12:55:21","975018"
"GOOG","572.35","2015-03-04","12:56:23","977837"
"GOOG","572.31","2015-03-04","12:57:25","979138"
"GOOG","572.78","2015-03-04","12:58:28","983828"
"GOOG","572.66","2015-03-04","12:59:29","984478"
"GOOG","572.91","2015-03-04","13:00:30","985197"
"GOOG","572.88","2015-03-04","13:01:31","986882"
"GOOG","572.95","2015-03-04","13:02:31","989685"
"GOOG","572.83","2015-03-04","13:03:32","990853"
"GOOG","572.83","2015-03-04","13:04:32","995526"
"GOOG","572.80","2015-03-04","13:05:32","996827"
"GOOG","572.95","2015-03-04","13:06:33","997282"
"GOOG","572.95","2015-03-04","13:07:33","998484"
"GOOG","572.80","2015-03-04","13:08:34","1000285"
"GOOG","572.77","2015-03-04","13:09:34","1000687"
"GOOG","572.50","2015-03-04","13:10:35","1004343"
"GOOG","572.40","2015-03-04","13:11:36","1005381"
"GOOG","572.96","2015-03-04","13:12:37","1007893"
"GOOG","573.03","2015-03-04","13:13:37","1010967"
"GOOG","572.83","2015-03-04","13:14:38","1011347"
"GOOG","572.66","2015-03-04","13:15:38","1012709"
"GOOG","572.67","2015-03-04","13:16:39","1013929"
"GOOG","572.79","2015-03-04","13:17:39","1014530"
"GOOG","572.75","2015-03-04","13:18:40","1017743"
"GOOG","572.61","2015-03-04","13:19:40","1019382"
"GOOG","572.88","2015-03-04","13:20:41","1020559"
"GOOG","573.11","2015-03-04","13:21:41","1021906"
"GOOG","573.23","2015-03-04","13:22:42","1022464"
"GOOG","573.35","2015-03-04","13:23:43","1023827"
"GOOG","573.54","2015-03-04","13:24:45","1026447"
"GOOG","573.57","2015-03-04","13:25:48","1026999"
"GOOG","573.39","2015-03-04","13:26:48","1031347"
"GOOG","573.30","2015-03-04","13:27:49","1033304"
"GOOG","573.37","2015-03-04","13:28:50","1033572"
"GOOG","573.07","2015-03-04","13:29:50","1037071"
"GOOG","573.92","2015-03-04","13:30:50","1063792"
"GOOG","573.62","2015-03-04","13:31:51","1066905"
"GOOG","573.72","2015-03-04","13:32:52","1070550"
"GOOG","573.73","2015-03-04","13:33:52","1070801"
"GOOG","573.88","2015-03-04","13:34:53","1072212"
"GOOG","574.13","2015-03-04","13:35:54","1074829"
"GOOG","574.39","2015-03-04","13:36:55","1075223"
"GOOG","574.68","2015-03-04","13:37:55","1080115"
"GOOG","574.79","2015-03-04","13:38:56","1082815"
"GOOG","574.85","2015-03-04","13:39:56","1083583"
"GOOG","574.83","2015-03-04","13:40:57","1084394"
"GOOG","574.90","2015-03-04","13:41:57","1085303"
"GOOG","575.19","2015-03-04","13:42:58","1093012"
"GOOG","575.10","2015-03-04","13:43:58","1095452"
"GOOG","575.13","2015-03-04","13:44:59","1099421"
"GOOG","575.21","2015-03-04","13:46:00","1101093"
"GOOG","574.61","2015-03-04","13:47:01","1103117"
"GOOG","574.96","2015-03-04","13:48:01","1105635"
"GOOG","575.24","2015-03-04","13:49:03","1106808"
"GOOG","575.39","2015-03-04","13:50:05","1108628"
"GOOG","575.56","2015-03-04","13:51:06","1110468"
"GOOG","575.43","2015-03-04","13:52:07","1113518"
"GOOG","575.75","2015-03-04","13:53:07","1115657"
"GOOG","575.89","2015-03-04","13:54:08","1119343"
"GOOG","575.79","2015-03-04","13:55:08","1122788"
"GOOG","576.04","2015-03-04","13:56:08","1127199"
"GOOG","575.86","2015-03-04","13:57:09","1133260"
"GOOG","575.70","2015-03-04","13:58:10","1137353"
"GOOG","575.70","2015-03-04","13:59:10","1140078"
"GOOG","575.77","2015-03-04","14:00:11","1141264"
"GOOG","575.42","2015-03-04","14:01:11","1144301"
"GOOG","575.10","2015-03-04","14:02:12","1148237"
"GOOG","575.01","2015-03-04","14:03:12","1148993"
"GOOG","575.53","2015-03-04","14:04:12","1151580"
"GOOG","575.43","2015-03-04","14:05:13","1153054"
"GOOG","575.30","2015-03-04","14:06:13","1156268"
"GOOG","575.52","2015-03-04","14:07:14","1159732"
"GOOG","575.95","2015-03-04","14:08:14","1162127"
"GOOG","576.15","2015-03-04","14:09:15","1166351"
"GOOG","575.73","2015-03-04","14:10:15","1169394"
"GOOG","575.53","2015-03-04","14:11:16","1172614"
"GOOG","575.47","2015-03-04","14:12:16","1174216"
"GOOG","575.69","2015-03-04","14:13:16","1176801"
"GOOG","575.40","2015-03-04","14:14:17","1178493"
"GOOG","575.28","2015-03-04","14:15:17","1179254"
"GOOG","575.70","2015-03-04","14:16:18","1181069"
"GOOG","575.19","2015-03-04","14:17:18","1184226"
"GOOG","575.12","2015-03-04","14:18:18","1184951"
"GOOG","575.00","2015-03-04","14:19:19","1185754"
"GOOG","574.80","2015-03-04","14:20:20","1189023"
"GOOG","574.64","2015-03-04","14:21:20","1193555"
"GOOG","574.40","2015-03-04","14:22:21","1195344"
"GOOG","574.61","2015-03-04","14:23:21","1197227"
"GOOG","574.20","2015-03-04","14:24:22","1204765"
"GOOG","574.65","2015-03-04","14:25:23","1206788"
"GOOG","574.69","2015-03-04","14:26:24","1208361"
"GOOG","574.16","2015-03-04","14:27:24","1211780"
"GOOG","574.13","2015-03-04","14:28:25","1214661"
"GOOG","573.80","2015-03-04","14:29:25","1217988"
"GOOG","573.93","2015-03-04","14:30:25","1230712"
"GOOG","574.21","2015-03-04","14:31:26","1237038"
"GOOG","573.93","2015-03-04","14:32:27","1239156"
"GOOG","574.23","2015-03-04","14:33:27","1239730"
"GOOG","574.33","2015-03-04","14:34:28","1241587"
"GOOG","574.39","2015-03-04","14:35:28","1242602"
"GOOG","574.60","2015-03-04","14:36:29","1244699"
"GOOG","574.53","2015-03-04","14:37:30","1247443"
"GOOG","574.65","2015-03-04","14:38:30","1248079"
"GOOG","574.62","2015-03-04","14:39:30","1248854"
"GOOG","574.72","2015-03-04","14:40:31","1249096"
"GOOG","574.95","2015-03-04","14:41:31","1251597"
"GOOG","574.91","2015-03-04","14:42:32","1254088"
"GOOG","574.78","2015-03-04","14:43:32","1254617"
"GOOG","575.05","2015-03-04","14:44:33","1257822"
"GOOG","574.85","2015-03-04","14:45:34","1258708"
"GOOG","574.98","2015-03-04","14:46:34","1259301"
"GOOG","575.00","2015-03-04","14:47:35","1260712"
"GOOG","574.70","2015-03-04","14:48:36","1261114"
"GOOG","575.40","2015-03-04","14:49:36","1262753"
"GOOG","575.30","2015-03-04","14:50:37","1264269"
"GOOG","575.49","2015-03-04","14:51:38","1266025"
"GOOG","575.50","2015-03-04","14:52:39","1267750"
"GOOG","575.50","2015-03-04","14:53:40","1269136"
"GOOG","575.30","2015-03-04","14:54:40","1269704"
"GOOG","575.50","2015-03-04","14:55:41","1271027"
"GOOG","575.60","2015-03-04","14:56:41","1273270"
"GOOG","575.88","2015-03-04","14:57:42","1274359"
"GOOG","575.88","2015-03-04","14:58:43","1274953"
"GOOG","576.06","2015-03-04","14:59:43","1284104"
"GOOG","576.08","2015-03-04","15:00:44","1286096"
"GOOG","576.15","2015-03-04","15:01:44","1287881"
"GOOG","576.14","2015-03-04","15:02:45","1289582"
"GOOG","576.23","2015-03-04","15:03:46","1292396"
"GOOG","576.28","2015-03-04","15:04:46","1297570"
"GOOG","576.30","2015-03-04","15:05:48","1301854"
"GOOG","576.88","2015-03-04","15:06:48","1316187"
"GOOG","576.98","2015-03-04","15:07:49","1320470"
"GOOG","576.74","2015-03-04","15:08:49","1326319"
"GOOG","577.00","2015-03-04","15:09:51","1330136"
"GOOG","577.06","2015-03-04","15:10:52","1332491"
"GOOG","576.96","2015-03-04","15:11:53","1335498"
"GOOG","576.88","2015-03-04","15:12:53","1345780"
"GOOG","576.96","2015-03-04","15:13:54","1347309"
"GOOG","577.00","2015-03-04","15:14:54","1350192"
"GOOG","576.76","2015-03-04","15:15:55","1351529"
"GOOG","577.02","2015-03-04","15:16:55","1353825"
"GOOG","576.59","2015-03-04","15:17:55","1358338"
"GOOG","576.85","2015-03-04","15:18:56","1359732"
"GOOG","576.64","2015-03-04","15:19:56","1366720"
"GOOG","576.62","2015-03-04","15:20:57","1370257"
"GOOG","576.28","2015-03-04","15:21:58","1373538"
"GOOG","576.29","2015-03-04","15:22:58","1375903"
"GOOG","576.15","2015-03-04","15:23:59","1377183"
"GOOG","576.18","2015-03-04","15:24:59","1382930"
"GOOG","576.31","2015-03-04","15:26:00","1387341"
"GOOG","576.09","2015-03-04","15:27:00","1387842"
"GOOG","576.23","2015-03-04","15:28:01","1391276"
"GOOG","576.18","2015-03-04","15:29:01","1392984"
"GOOG","575.98","2015-03-04","15:30:02","1395982"
"GOOG","575.86","2015-03-04","15:31:03","1400152"
"GOOG","575.88","2015-03-04","15:32:03","1402066"
"GOOG","575.67","2015-03-04","15:33:04","1407203"
"GOOG","574.80","2015-03-04","15:34:06","1412329"
"GOOG","574.91","2015-03-04","15:35:07","1414087"
"GOOG","574.94","2015-03-04","15:36:08","1418255"
"GOOG","574.77","2015-03-04","15:37:09","1420212"
"GOOG","574.93","2015-03-04","15:38:10","1421170"
"GOOG","574.92","2015-03-04","15:39:10","1424376"
"GOOG","574.86","2015-03-04","15:40:11","1428819"
"GOOG","574.93","2015-03-04","15:41:11","1432468"
"GOOG","574.80","2015-03-04","15:42:12","1438598"
"GOOG","574.95","2015-03-04","15:43:12","1443605"
"GOOG","574.96","2015-03-04","15:44:13","1446012"
"GOOG","575.05","2015-03-04","15:45:13","1448622"
"GOOG","575.15","2015-03-04","15:46:15","1457244"
"GOOG","575.04","2015-03-04","15:47:15","1460724"
"GOOG","575.46","2015-03-04","15:48:16","1466836"
"GOOG","575.35","2015-03-04","15:49:17","1468888"
"GOOG","575.26","2015-03-04","15:50:17","1472772"
"GOOG","575.00","2015-03-04","15:51:18","1474441"
"GOOG","575.17","2015-03-04","15:52:19","1477977"
"GOOG","574.85","2015-03-04","15:53:19","1483032"
"GOOG","574.98","2015-03-04","15:54:20","1487005"
"GOOG","574.82","2015-03-04","15:55:21","1490588"
"GOOG","574.52","2015-03-04","15:56:22","1494260"
"GOOG","574.56","2015-03-04","15:57:23","1499534"
"GOOG","574.64","2015-03-04","15:58:23","1501404"
"GOOG","574.10","2015-03-04","15:59:25","1504836"
"GOOG","574.23","2015-03-04","16:00:27","1514573"
"GOOG","573.83","2015-03-04","16:01:29","1519228"
"GOOG","573.98","2015-03-04","16:02:29","1524457"
"GOOG","573.81","2015-03-04","16:03:30","1527764"
"GOOG","573.68","2015-03-04","16:04:30","1535706"
"GOOG","573.40","2015-03-04","16:05:31","1545118"
"GOOG","573.39","2015-03-04","16:06:32","1551512"
"GOOG","573.38","2015-03-04","16:07:32","1557653"
"GOOG","573.39","2015-03-04","16:08:32","1563951"
"GOOG","573.35","2015-03-04","16:09:33","1569093"
"GOOG","576.36","2015-03-05","11:56:12","674843"
"GOOG","576.41","2015-03-05","11:57:13","676035"
"GOOG","576.21","2015-03-05","11:58:14","676974"
"GOOG","576.32","2015-03-05","11:59:15","679616"
"GOOG","576.23","2015-03-05","12:00:17","680251"
"GOOG","575.97","2015-03-05","12:01:17","681274"
"GOOG","576.27","2015-03-05","12:02:19","681652"
"GOOG","576.37","2015-03-05","12:03:20","683533"
"GOOG","576.09","2015-03-05","12:04:21","686434"
"GOOG","576.30","2015-03-05","12:05:23","687233"
"GOOG","576.19","2015-03-05","12:06:24","687786"
"GOOG","576.09","2015-03-05","12:07:25","689737"
"GOOG","576.30","2015-03-05","12:08:26","693044"
"GOOG","576.35","2015-03-05","12:09:27","694360"
"GOOG","576.36","2015-03-05","12:10:28","694988"
"GOOG","576.65","2015-03-05","12:11:29","696913"
"GOOG","576.93","2015-03-05","12:12:29","700503"
"GOOG","576.80","2015-03-05","12:13:30","701596"
"GOOG","576.68","2015-03-05","12:14:32","702147"
"GOOG","576.64","2015-03-05","12:15:33","702866"
"GOOG","576.53","2015-03-05","12:16:33","703301"
"GOOG","576.53","2015-03-05","12:17:34","703731"
"GOOG","576.98","2015-03-05","12:18:35","706264"
"GOOG","577.11","2015-03-05","12:19:36","708817"
"GOOG","576.55","2015-03-05","12:20:36","712350"
"GOOG","576.40","2015-03-05","12:21:37","715008"
"GOOG","576.42","2015-03-05","12:22:37","716812"
"GOOG","576.40","2015-03-05","12:23:39","718125"
"GOOG","576.61","2015-03-05","12:24:40","719295"
"GOOG","576.68","2015-03-05","12:25:40","720443"
"GOOG","577.02","2015-03-05","12:26:41","726401"
"GOOG","577.10","2015-03-05","12:27:41","727849"
"GOOG","576.90","2015-03-05","12:28:42","729781"
"GOOG","576.75","2015-03-05","12:29:43","730090"
"GOOG","576.94","2015-03-05","12:30:44","731521"
"GOOG","576.71","2015-03-05","12:31:44","732295"
"GOOG","576.76","2015-03-05","12:32:45","732659"
"GOOG","576.53","2015-03-05","12:33:46","733580"
"GOOG","576.50","2015-03-05","12:34:46","734340"
"GOOG","576.51","2015-03-05","12:35:47","735008"
"GOOG","576.04","2015-03-05","12:36:47","738243"
"GOOG","576.39","2015-03-05","12:37:48","738437"
"GOOG","576.00","2015-03-05","12:40:00","740994"
"GOOG","575.75","2015-03-05","12:41:01","745043"
"GOOG","575.68","2015-03-05","12:42:03","747129"
"GOOG","575.70","2015-03-05","12:43:03","747891"
"GOOG","575.42","2015-03-05","12:44:03","749464"
"GOOG","575.34","2015-03-05","12:45:04","753273"
"GOOG","575.10","2015-03-05","12:46:04","753735"
"GOOG","575.00","2015-03-05","12:47:05","757488"
"GOOG","575.31","2015-03-05","12:48:05","763022"
"GOOG","575.40","2015-03-05","12:49:06","764001"
"GOOG","575.26","2015-03-05","12:50:06","765665"
"GOOG","575.15","2015-03-05","12:51:07","765843"
"GOOG","575.40","2015-03-05","12:52:07","767801"
"GOOG","575.38","2015-03-05","12:53:08","769705"
"GOOG","575.39","2015-03-05","12:54:08","770347"
"GOOG","574.89","2015-03-05","12:55:09","771146"
"GOOG","575.24","2015-03-05","12:56:10","773710"
"GOOG","575.34","2015-03-05","12:57:10","775228"
"GOOG","575.20","2015-03-05","12:58:11","776429"
"GOOG","574.95","2015-03-05","12:59:12","777373"
"GOOG","574.95","2015-03-05","13:00:13","778592"
"GOOG","574.80","2015-03-05","13:01:13","779864"
"GOOG","574.66","2015-03-05","13:02:14","780183"
"GOOG","574.71","2015-03-05","13:03:15","782758"
"GOOG","574.69","2015-03-05","13:04:16","787486"
"GOOG","574.75","2015-03-05","13:05:17","791091"
"GOOG","574.28","2015-03-05","13:06:17","794826"
"GOOG","574.24","2015-03-05","13:07:18","795939"
"GOOG","574.13","2015-03-05","13:08:19","797308"
"GOOG","574.37","2015-03-05","13:09:19","800712"
"GOOG","574.50","2015-03-05","13:10:20","803767"
"GOOG","574.91","2015-03-05","13:11:21","812073"
"GOOG","574.84","2015-03-05","13:12:21","813627"
"GOOG","574.66","2015-03-05","13:13:22","814797"
"GOOG","574.50","2015-03-05","13:14:22","816146"
"GOOG","574.90","2015-03-05","13:15:24","817721"
"GOOG","575.00","2015-03-05","13:16:24","818057"
"GOOG","575.40","2015-03-05","13:17:24","820113"
"GOOG","575.40","2015-03-05","13:18:25","820264"
"GOOG","575.39","2015-03-05","13:19:25","821914"
"GOOG","575.17","2015-03-05","13:20:26","822186"
"GOOG","575.46","2015-03-05","13:21:27","826186"
"GOOG","574.99","2015-03-05","13:22:27","829210"
"GOOG","574.97","2015-03-05","13:23:28","831406"
"GOOG","575.12","2015-03-05","13:24:28","831877"
"GOOG","574.93","2015-03-05","13:25:29","832849"
"GOOG","574.62","2015-03-05","13:26:29","835823"
"GOOG","574.46","2015-03-05","13:27:31","836853"
"GOOG","574.46","2015-03-05","13:28:31","836934"
"GOOG","575.01","2015-03-05","13:29:32","838557"
"GOOG","574.71","2015-03-05","13:30:32","838723"
"GOOG","575.11","2015-03-05","13:31:33","839239"
"GOOG","574.83","2015-03-05","13:32:34","840874"
"GOOG","574.89","2015-03-05","13:33:35","842734"
"GOOG","574.43","2015-03-05","13:34:35","846014"
"GOOG","574.42","2015-03-05","13:35:36","847807"
"GOOG","574.05","2015-03-05","13:36:36","851501"
"GOOG","573.92","2015-03-05","13:37:37","853638"
"GOOG","573.62","2015-03-05","13:38:37","858971"
"GOOG","574.03","2015-03-05","13:39:38","861710"
"GOOG","574.14","2015-03-05","13:40:39","864208"
"GOOG","574.20","2015-03-05","13:41:39","874929"
"GOOG","574.65","2015-03-05","13:42:40","886608"
"GOOG","574.60","2015-03-05","13:43:40","894461"
"GOOG","574.50","2015-03-05","13:44:41","896136"
"GOOG","574.40","2015-03-05","13:45:42","898160"
"GOOG","574.83","2015-03-05","13:46:42","901924"
"GOOG","575.10","2015-03-05","13:47:42","904101"
"GOOG","575.28","2015-03-05","13:48:43","906043"
"GOOG","575.38","2015-03-05","13:49:43","908401"
"GOOG","575.72","2015-03-05","13:50:44","909986"
"GOOG","575.54","2015-03-05","13:51:44","911906"
"GOOG","575.84","2015-03-05","13:52:45","915020"
"GOOG","575.93","2015-03-05","13:53:45","919174"
"GOOG","575.90","2015-03-05","13:54:46","930573"
"GOOG","575.83","2015-03-05","13:55:47","932258"
"GOOG","575.96","2015-03-05","13:56:47","933250"
"GOOG","576.07","2015-03-05","13:57:48","936776"
"GOOG","576.07","2015-03-05","13:58:48","937306"
"GOOG","576.25","2015-03-05","13:59:49","940069"
"GOOG","576.29","2015-03-05","14:00:53","942434"
"GOOG","576.34","2015-03-05","14:01:55","943327"
"GOOG","576.24","2015-03-05","14:02:56","945391"
"GOOG","576.24","2015-03-05","14:03:57","945598"
"GOOG","576.34","2015-03-05","14:04:58","946695"
"GOOG","575.95","2015-03-05","14:05:59","947847"
"GOOG","575.91","2015-03-05","14:07:00","957064"
"GOOG","575.94","2015-03-05","14:08:01","966701"
"GOOG","576.27","2015-03-05","14:09:03","972419"
"GOOG","576.25","2015-03-05","14:10:06","985762"
"GOOG","576.20","2015-03-05","14:11:07","987987"
"GOOG","576.12","2015-03-05","14:12:07","988662"
"GOOG","576.16","2015-03-05","14:13:08","991278"
"GOOG","576.15","2015-03-05","14:14:09","991695"
"GOOG","576.10","2015-03-05","14:15:09","995379"
"GOOG","576.09","2015-03-05","14:16:11","996179"
"GOOG","576.10","2015-03-05","14:17:11","1000778"
"GOOG","576.10","2015-03-05","14:18:12","1003343"
"GOOG","576.23","2015-03-05","14:19:12","1004536"
"GOOG","576.04","2015-03-05","14:20:13","1004901"
"GOOG","576.23","2015-03-05","14:21:13","1005075"
"GOOG","576.18","2015-03-05","14:22:14","1006375"
"GOOG","576.16","2015-03-05","14:23:14","1007245"
"GOOG","576.24","2015-03-05","14:24:15","1010966"
"GOOG","576.00","2015-03-05","14:25:16","1013741"
"GOOG","576.38","2015-03-05","14:26:17","1020716"
"GOOG","576.23","2015-03-05","14:27:17","1025574"
"GOOG","576.06","2015-03-05","14:28:18","1026131"
"GOOG","575.89","2015-03-05","14:29:18","1027208"
"GOOG","575.89","2015-03-05","14:30:19","1027268"
"GOOG","575.81","2015-03-05","14:31:19","1031789"
"GOOG","575.73","2015-03-05","14:32:20","1038084"
"GOOG","575.51","2015-03-05","14:33:20","1038338"
"GOOG","575.68","2015-03-05","14:34:23","1038979"
"GOOG","575.66","2015-03-05","14:35:24","1039402"
"GOOG","575.41","2015-03-05","14:36:24","1040216"
"GOOG","574.89","2015-03-05","14:37:25","1042904"
"GOOG","574.89","2015-03-05","14:38:25","1043256"
"GOOG","574.87","2015-03-05","14:39:26","1044742"
"GOOG","574.51","2015-03-05","14:40:27","1046496"
"GOOG","574.64","2015-03-05","14:41:28","1046821"
"GOOG","574.72","2015-03-05","14:42:28","1048994"
"GOOG","574.27","2015-03-05","14:43:29","1050024"
"GOOG","574.25","2015-03-05","14:44:30","1050624"
"GOOG","574.20","2015-03-05","14:45:31","1051696"
"GOOG","574.19","2015-03-05","14:46:32","1051984"
"GOOG","574.09","2015-03-05","14:47:32","1053045"
"GOOG","574.11","2015-03-05","14:48:33","1053643"
"GOOG","574.42","2015-03-05","14:49:34","1057023"
"GOOG","574.05","2015-03-05","14:50:34","1058025"
"GOOG","574.22","2015-03-05","14:51:35","1058935"
"GOOG","574.37","2015-03-05","14:52:36","1060360"
"GOOG","574.48","2015-03-05","14:53:37","1061613"
"GOOG","574.56","2015-03-05","14:54:37","1062425"
"GOOG","574.59","2015-03-05","14:55:38","1062949"
"GOOG","574.91","2015-03-05","14:56:38","1063869"
"GOOG","574.91","2015-03-05","14:57:40","1063943"
"GOOG","574.95","2015-03-05","14:58:40","1065377"
"GOOG","574.76","2015-03-05","14:59:41","1068261"
"GOOG","574.51","2015-03-05","15:00:42","1070242"
"GOOG","574.48","2015-03-05","15:01:42","1071738"
"GOOG","574.36","2015-03-05","15:02:43","1072043"
"GOOG","574.73","2015-03-05","15:03:44","1076415"
"GOOG","574.67","2015-03-05","15:04:44","1077482"
"GOOG","574.65","2015-03-05","15:05:45","1078178"
"GOOG","575.01","2015-03-05","15:06:45","1080801"
"GOOG","575.09","2015-03-05","15:07:46","1083237"
"GOOG","575.65","2015-03-05","15:08:46","1084420"
"GOOG","575.73","2015-03-05","15:09:47","1085243"
"GOOG","576.01","2015-03-05","15:10:47","1089678"
"GOOG","576.09","2015-03-05","15:11:48","1090465"
"GOOG","575.90","2015-03-05","15:12:48","1092146"
"GOOG","575.90","2015-03-05","15:13:49","1092367"
"GOOG","575.72","2015-03-05","15:14:49","1093093"
"GOOG","575.71","2015-03-05","15:15:50","1095575"
"GOOG","575.65","2015-03-05","15:16:51","1097033"
"GOOG","575.14","2015-03-05","15:17:51","1102738"
"GOOG","575.24","2015-03-05","15:18:51","1103314"
"GOOG","575.14","2015-03-05","15:19:52","1104281"
"GOOG","575.25","2015-03-05","15:20:53","1104536"
"GOOG","575.01","2015-03-05","15:21:53","1106065"
"GOOG","574.72","2015-03-05","15:22:54","1106437"
"GOOG","574.49","2015-03-05","15:23:54","1107315"
"GOOG","574.49","2015-03-05","15:25:02","1107366"
"GOOG","574.59","2015-03-05","15:27:33","1110132"
"GOOG","574.53","2015-03-05","15:29:35","1112287"
"GOOG","574.98","2015-03-05","15:30:35","1113302"
"GOOG","575.07","2015-03-05","15:31:36","1114835"
"GOOG","575.42","2015-03-05","15:32:36","1115940"
"GOOG","575.63","2015-03-05","15:33:37","1123860"
"GOOG","575.73","2015-03-05","15:34:37","1127489"
"GOOG","575.54","2015-03-05","15:35:37","1134072"
"GOOG","575.68","2015-03-05","15:36:38","1136072"
"GOOG","575.84","2015-03-05","15:37:39","1139945"
"GOOG","575.97","2015-03-05","15:38:39","1141386"
"GOOG","576.09","2015-03-05","15:39:40","1144336"
"GOOG","576.05","2015-03-05","15:40:40","1145769"
"GOOG","576.13","2015-03-05","15:41:42","1147442"
"GOOG","575.72","2015-03-05","15:42:42","1148681"
"GOOG","575.57","2015-03-05","15:43:43","1149079"
"GOOG","575.84","2015-03-05","15:44:43","1150202"
"GOOG","575.90","2015-03-05","15:45:44","1153665"
"GOOG","575.29","2015-03-05","15:46:44","1155848"
"GOOG","575.19","2015-03-05","15:47:45","1158471"
"GOOG","575.21","2015-03-05","15:48:48","1159659"
"GOOG","575.24","2015-03-05","15:49:49","1161436"
"GOOG","575.21","2015-03-05","15:50:49","1161974"
"GOOG","575.52","2015-03-05","15:51:51","1162582"
"GOOG","575.60","2015-03-05","15:52:52","1164775"
"GOOG","575.91","2015-03-05","15:53:53","1168635"
"GOOG","575.85","2015-03-05","15:54:53","1171331"
"GOOG","575.84","2015-03-05","15:55:55","1172829"
"GOOG","576.06","2015-03-05","15:56:56","1176522"
"GOOG","575.98","2015-03-05","15:57:57","1177516"
"GOOG","575.92","2015-03-05","15:58:57","1179971"
"GOOG","575.79","2015-03-05","15:59:58","1182043"
"GOOG","575.57","2015-03-05","16:00:58","1185177"
"GOOG","575.60","2015-03-05","16:01:59","1192484"
"GOOG","575.45","2015-03-05","16:03:00","1195213"
"GOOG","575.18","2015-03-05","16:04:01","1197393"
"GOOG","575.79","2015-03-05","16:05:02","1204890"
"GOOG","575.80","2015-03-05","16:06:03","1209001"
"GOOG","575.84","2015-03-05","16:07:05","1214507"
"GOOG","575.93","2015-03-05","16:08:06","1217256"
