"YHOO","44.11","2015-03-03","09:28:45","12550"
"YHOO","44.11","2015-03-03","09:29:48","12550"
"YHOO","44.11","2015-03-03","09:30:49","12550"
"YHOO","44.11","2015-03-03","09:31:49","12550"
"YHOO","44.11","2015-03-03","09:32:54","13380"
"YHOO","44.11","2015-03-03","09:33:55","13380"
"YHOO","44.11","2015-03-03","09:34:59","13800"
"YHOO","44.11","2015-03-03","09:36:00","14800"
"YHOO","44.11","2015-03-03","09:37:00","14800"
"YHOO","44.11","2015-03-03","09:38:02","14850"
"YHOO","44.11","2015-03-03","09:39:03","14950"
"YHOO","44.11","2015-03-03","09:40:05","14950"
"YHOO","44.11","2015-03-03","09:41:06","14950"
"YHOO","44.11","2015-03-03","09:42:07","15650"
"YHOO","44.11","2015-03-03","09:43:30","19255"
"YHOO","44.11","2015-03-03","09:44:30","24405"
"YHOO","43.70","2015-03-03","09:45:31","500143"
"YHOO","43.58","2015-03-03","09:46:32","826025"
"YHOO","43.51","2015-03-03","09:47:33","952842"
"YHOO","43.64","2015-03-03","09:48:33","1031053"
"YHOO","43.60","2015-03-03","09:49:34","1084673"
"YHOO","43.52","2015-03-03","09:50:35","1139348"
"YHOO","43.48","2015-03-03","09:51:36","1195830"
"YHOO","43.43","2015-03-03","09:52:39","1376299"
"YHOO","43.46","2015-03-03","09:53:43","1492344"
"YHOO","43.41","2015-03-03","09:54:51","1569309"
"YHOO","43.30","2015-03-03","09:55:54","1661718"
"YHOO","43.28","2015-03-03","09:56:56","1819431"
"YHOO","43.28","2015-03-03","09:58:02","1874276"
"YHOO","43.29","2015-03-03","09:59:02","1942910"
"YHOO","43.33","2015-03-03","10:00:19","1983993"
"YHOO","43.33","2015-03-03","10:01:19","2061276"
"YHOO","43.30","2015-03-03","10:02:21","2106932"
"YHOO","43.26","2015-03-03","10:03:21","2204575"
"YHOO","43.24","2015-03-03","10:04:22","2259924"
"YHOO","43.06","2015-03-03","10:05:23","2363457"
"YHOO","43.16","2015-03-03","10:06:24","2442998"
"YHOO","43.15","2015-03-03","10:07:24","2504363"
"YHOO","43.16","2015-03-03","10:08:25","2594223"
"YHOO","43.17","2015-03-03","10:09:26","2812691"
"YHOO","43.14","2015-03-03","10:10:27","2911510"
"YHOO","43.10","2015-03-03","10:11:32","2979851"
"YHOO","43.12","2015-03-03","10:12:33","3056707"
"YHOO","43.14","2015-03-03","10:13:33","3104058"
"YHOO","43.13","2015-03-03","10:14:34","3143648"
"YHOO","43.12","2015-03-03","10:15:34","3231080"
"YHOO","43.11","2015-03-03","10:16:40","3280892"
"YHOO","42.88","2015-03-03","10:17:41","3510185"
"YHOO","42.89","2015-03-03","10:18:41","3829669"
"YHOO","42.91","2015-03-03","10:19:42","3936819"
"YHOO","42.88","2015-03-03","10:20:42","4034120"
"YHOO","42.87","2015-03-03","10:21:43","4172044"
"YHOO","42.86","2015-03-03","10:22:43","4236226"
"YHOO","42.90","2015-03-03","10:23:44","4316969"
"YHOO","42.88","2015-03-03","10:24:44","4368236"
"YHOO","42.85","2015-03-03","10:25:45","4476451"
"YHOO","42.87","2015-03-03","10:26:46","4582673"
"YHOO","42.91","2015-03-03","10:27:46","4738926"
"YHOO","42.91","2015-03-03","10:28:46","4824916"
"YHOO","42.91","2015-03-03","10:29:47","4882648"
"YHOO","42.94","2015-03-03","10:30:47","4952285"
"YHOO","42.98","2015-03-03","10:31:49","5074173"
"YHOO","42.97","2015-03-03","10:32:49","5132032"
"YHOO","43.00","2015-03-03","10:33:49","5265619"
"YHOO","43.04","2015-03-03","10:34:50","5333827"
"YHOO","43.06","2015-03-03","10:35:50","5425726"
"YHOO","43.09","2015-03-03","10:36:51","5529551"
"YHOO","43.04","2015-03-03","10:37:52","5636209"
"YHOO","43.02","2015-03-03","10:38:52","5676712"
"YHOO","42.99","2015-03-03","10:40:10","5748940"
"YHOO","42.91","2015-03-03","10:41:13","5879593"
"YHOO","42.96","2015-03-03","10:42:13","5913932"
"YHOO","42.95","2015-03-03","10:43:14","5933021"
"YHOO","42.98","2015-03-03","10:44:29","6005719"
"YHOO","42.95","2015-03-03","10:45:29","6068259"
"YHOO","42.91","2015-03-03","10:46:43","6096087"
"YHOO","42.96","2015-03-03","10:47:44","6141586"
"YHOO","42.95","2015-03-03","10:49:06","6194255"
"YHOO","42.91","2015-03-03","10:50:06","6226783"
"YHOO","42.91","2015-03-03","10:51:16","6289155"
"YHOO","42.91","2015-03-03","10:52:16","6317635"
"YHOO","42.88","2015-03-03","10:53:17","6387192"
"YHOO","42.91","2015-03-03","10:54:17","6424111"
"YHOO","42.92","2015-03-03","10:55:18","6459436"
"YHOO","42.88","2015-03-03","10:56:47","6496426"
"YHOO","42.90","2015-03-03","10:57:47","6566385"
"YHOO","42.88","2015-03-03","10:58:48","6599446"
"YHOO","42.92","2015-03-03","10:59:49","6614975"
"YHOO","42.94","2015-03-03","11:00:49","6652945"
"YHOO","42.89","2015-03-03","11:01:51","6672141"
"YHOO","42.92","2015-03-03","11:02:53","6689924"
"YHOO","43.00","2015-03-03","11:03:54","6725654"
"YHOO","43.01","2015-03-03","11:04:54","6781045"
"YHOO","43.01","2015-03-03","11:05:54","6834496"
"YHOO","42.91","2015-03-03","11:06:55","6884691"
"YHOO","42.91","2015-03-03","11:07:57","6907739"
"YHOO","42.89","2015-03-03","11:08:58","6943516"
"YHOO","42.87","2015-03-03","11:09:58","6971575"
"YHOO","42.87","2015-03-03","11:10:59","7042860"
"YHOO","42.87","2015-03-03","11:12:00","7081845"
"YHOO","42.88","2015-03-03","11:13:00","7112096"
"YHOO","42.87","2015-03-03","11:14:01","7138640"
"YHOO","42.86","2015-03-03","11:15:02","7146647"
"YHOO","42.83","2015-03-03","11:16:02","7178132"
"YHOO","42.81","2015-03-03","11:17:02","7228078"
"YHOO","42.88","2015-03-03","11:18:06","7350051"
"YHOO","42.84","2015-03-03","11:19:07","7381191"
"YHOO","42.80","2015-03-03","11:20:13","7423925"
"YHOO","42.77","2015-03-03","11:21:13","7480091"
"YHOO","42.78","2015-03-03","11:22:14","7525010"
"YHOO","42.78","2015-03-03","11:23:15","7570582"
"YHOO","42.80","2015-03-03","11:24:15","7613100"
"YHOO","42.80","2015-03-03","11:25:16","7680247"
"YHOO","42.78","2015-03-03","11:26:16","7709020"
"YHOO","42.77","2015-03-03","11:27:17","7774814"
"YHOO","42.78","2015-03-03","11:28:17","7791241"
"YHOO","42.79","2015-03-03","11:29:18","7830828"
"YHOO","42.81","2015-03-03","11:30:19","7870395"
"YHOO","42.82","2015-03-03","11:31:20","7891866"
"YHOO","42.82","2015-03-03","11:32:20","7906759"
"YHOO","42.79","2015-03-03","11:33:21","7932942"
"YHOO","42.81","2015-03-03","11:34:22","7960534"
"YHOO","42.85","2015-03-03","11:35:23","7988978"
"YHOO","42.88","2015-03-03","11:36:32","8027490"
"YHOO","42.88","2015-03-03","11:37:33","8049946"
"YHOO","42.86","2015-03-03","11:38:33","8059190"
"YHOO","42.85","2015-03-03","11:39:34","8084455"
"YHOO","42.84","2015-03-03","11:40:34","8095920"
"YHOO","42.87","2015-03-03","11:41:35","8152363"
"YHOO","42.86","2015-03-03","11:42:36","8175579"
"YHOO","42.85","2015-03-03","11:43:41","8198602"
"YHOO","42.82","2015-03-03","11:44:43","8229373"
"YHOO","42.82","2015-03-03","11:45:53","8256525"
"YHOO","42.82","2015-03-03","11:46:53","8275982"
"YHOO","42.84","2015-03-03","11:47:55","8291696"
"YHOO","42.86","2015-03-03","11:49:05","8320171"
"YHOO","42.81","2015-03-03","11:50:05","8358934"
"YHOO","42.78","2015-03-03","11:51:05","8372565"
"YHOO","42.79","2015-03-03","11:52:06","8388902"
"YHOO","42.77","2015-03-03","11:53:07","8415758"
"YHOO","42.74","2015-03-03","12:24:47","9352086"
"YHOO","42.72","2015-03-03","12:25:48","9377452"
"YHOO","42.71","2015-03-03","12:26:49","9390336"
"YHOO","42.75","2015-03-03","12:27:49","9423969"
"YHOO","42.71","2015-03-03","12:28:50","9457245"
"YHOO","42.72","2015-03-03","12:29:51","9502430"
"YHOO","42.72","2015-03-03","12:30:51","9517062"
"YHOO","42.75","2015-03-03","12:31:52","9533135"
"YHOO","42.73","2015-03-03","12:32:53","9550554"
"YHOO","42.72","2015-03-03","12:33:53","9612659"
"YHOO","42.71","2015-03-03","12:35:06","9658394"
"YHOO","42.70","2015-03-03","12:36:06","9678575"
"YHOO","42.72","2015-03-03","12:37:07","9692839"
"YHOO","42.70","2015-03-03","12:38:07","9700088"
"YHOO","42.71","2015-03-03","12:39:07","9715621"
"YHOO","42.70","2015-03-03","12:40:08","9740826"
"YHOO","42.65","2015-03-03","12:41:08","9970998"
"YHOO","42.66","2015-03-03","12:42:16","10004688"
"YHOO","42.65","2015-03-03","12:43:16","10048865"
"YHOO","42.64","2015-03-03","12:44:17","10071247"
"YHOO","42.64","2015-03-03","12:45:17","10110640"
"YHOO","42.65","2015-03-03","12:46:17","10151256"
"YHOO","42.63","2015-03-03","12:47:18","10168759"
"YHOO","42.66","2015-03-03","12:48:19","10180612"
"YHOO","42.61","2015-03-03","12:49:19","10228555"
"YHOO","42.61","2015-03-03","12:50:20","10273198"
"YHOO","42.60","2015-03-03","12:51:20","10302447"
"YHOO","42.61","2015-03-03","12:52:21","10333929"
"YHOO","42.57","2015-03-03","12:53:22","10409869"
"YHOO","42.57","2015-03-03","12:54:22","10438695"
"YHOO","42.53","2015-03-03","12:55:23","10473384"
"YHOO","42.56","2015-03-03","12:56:23","10560899"
"YHOO","42.61","2015-03-03","12:57:24","10662860"
"YHOO","42.60","2015-03-03","12:58:24","10723308"
"YHOO","42.63","2015-03-03","12:59:25","10760740"
"YHOO","42.58","2015-03-03","13:00:25","10924086"
"YHOO","42.61","2015-03-03","13:01:26","11016678"
"YHOO","42.56","2015-03-03","13:02:26","11056121"
"YHOO","42.56","2015-03-03","13:03:27","11082316"
"YHOO","42.54","2015-03-03","13:04:28","11131765"
"YHOO","42.53","2015-03-03","13:05:28","11153631"
"YHOO","42.58","2015-03-03","13:06:29","11359013"
"YHOO","42.59","2015-03-03","13:07:31","11426668"
"YHOO","42.56","2015-03-03","13:08:31","11456347"
"YHOO","42.57","2015-03-03","13:09:32","11492261"
"YHOO","42.55","2015-03-03","13:10:32","11507865"
"YHOO","42.63","2015-03-03","13:11:33","11586726"
"YHOO","42.59","2015-03-03","13:12:33","11653886"
"YHOO","42.59","2015-03-03","13:13:34","11673024"
"YHOO","42.58","2015-03-03","13:14:35","11692585"
"YHOO","42.58","2015-03-03","13:15:35","11724560"
"YHOO","42.62","2015-03-03","13:16:36","11768938"
"YHOO","42.59","2015-03-03","13:17:36","11790235"
"YHOO","42.57","2015-03-03","13:18:36","11817892"
"YHOO","42.57","2015-03-03","13:19:37","11854981"
"YHOO","42.59","2015-03-03","13:20:37","11891565"
"YHOO","42.62","2015-03-03","13:21:38","11951833"
"YHOO","42.62","2015-03-03","13:22:38","12003262"
"YHOO","42.63","2015-03-03","13:23:38","12037983"
"YHOO","42.64","2015-03-03","13:24:40","12097783"
"YHOO","42.63","2015-03-03","13:25:42","12108931"
"YHOO","42.64","2015-03-03","13:26:43","12179223"
"YHOO","42.60","2015-03-03","13:27:43","12195222"
"YHOO","42.55","2015-03-03","13:28:43","12272384"
"YHOO","42.60","2015-03-03","13:29:44","12308433"
"YHOO","42.58","2015-03-03","13:30:44","12337341"
"YHOO","42.59","2015-03-03","13:31:45","12400598"
"YHOO","42.61","2015-03-03","13:32:46","12425930"
"YHOO","42.59","2015-03-03","13:33:47","12473743"
"YHOO","42.59","2015-03-03","13:34:48","12726965"
"YHOO","42.57","2015-03-03","13:35:49","12820921"
"YHOO","42.58","2015-03-03","13:36:50","12867749"
"YHOO","42.58","2015-03-03","13:37:51","12960117"
"YHOO","42.54","2015-03-03","13:38:53","13007908"
"YHOO","42.55","2015-03-03","13:39:57","13050604"
"YHOO","42.53","2015-03-03","13:40:58","13112411"
"YHOO","42.49","2015-03-03","13:41:58","13422285"
"YHOO","42.55","2015-03-03","13:42:59","13498947"
"YHOO","42.50","2015-03-03","13:43:59","13563327"
"YHOO","42.50","2015-03-03","13:45:00","13607916"
"YHOO","42.47","2015-03-03","13:46:01","13699287"
"YHOO","42.52","2015-03-03","13:47:02","13757190"
"YHOO","42.52","2015-03-03","13:48:03","13778050"
"YHOO","42.52","2015-03-03","13:49:03","13811318"
"YHOO","42.48","2015-03-03","13:50:04","13848857"
"YHOO","42.45","2015-03-03","13:51:04","13911533"
"YHOO","42.47","2015-03-03","13:52:05","14013459"
"YHOO","42.49","2015-03-03","13:53:06","14036342"
"YHOO","42.50","2015-03-03","13:54:06","14085741"
"YHOO","42.49","2015-03-03","13:55:07","14107123"
"YHOO","42.48","2015-03-03","13:56:07","14141733"
"YHOO","42.50","2015-03-03","13:57:08","14181705"
"YHOO","42.49","2015-03-03","13:58:09","14222073"
"YHOO","42.50","2015-03-03","13:59:10","14253981"
"YHOO","42.47","2015-03-03","14:00:10","14282191"
"YHOO","42.47","2015-03-03","14:01:11","14319332"
"YHOO","42.45","2015-03-03","14:02:11","14386148"
"YHOO","42.54","2015-03-03","14:03:12","14624649"
"YHOO","42.63","2015-03-03","14:04:13","14733081"
"YHOO","42.62","2015-03-03","14:05:14","14834423"
"YHOO","42.62","2015-03-03","14:06:14","14891637"
"YHOO","42.60","2015-03-03","14:07:15","14970575"
"YHOO","42.64","2015-03-03","14:08:15","15053674"
"YHOO","42.63","2015-03-03","14:09:16","15075609"
"YHOO","42.66","2015-03-03","14:10:16","15110522"
"YHOO","42.64","2015-03-03","14:11:17","15143037"
"YHOO","42.61","2015-03-03","14:12:36","15193089"
"YHOO","42.59","2015-03-03","14:13:36","15214656"
"YHOO","42.60","2015-03-03","14:14:37","15271926"
"YHOO","42.61","2015-03-03","14:15:37","15294508"
"YHOO","42.66","2015-03-03","14:16:38","15365518"
"YHOO","42.65","2015-03-03","14:17:38","15442936"
"YHOO","42.64","2015-03-03","14:18:38","15460012"
"YHOO","42.62","2015-03-03","14:19:39","15483550"
"YHOO","42.63","2015-03-03","14:20:40","15511575"
"YHOO","42.66","2015-03-03","14:21:43","15535213"
"YHOO","42.64","2015-03-03","14:22:45","15547597"
"YHOO","42.65","2015-03-03","14:23:46","15623137"
"YHOO","42.67","2015-03-03","14:24:46","15655070"
"YHOO","42.69","2015-03-03","14:25:59","15690816"
"YHOO","42.70","2015-03-03","14:27:00","15712079"
"YHOO","42.69","2015-03-03","14:28:00","15726875"
"YHOO","42.67","2015-03-03","14:29:01","15761445"
"YHOO","42.64","2015-03-03","14:30:01","15807288"
"YHOO","42.67","2015-03-03","14:32:42","15865287"
"YHOO","42.67","2015-03-03","14:33:43","15875453"
"YHOO","42.68","2015-03-03","14:34:43","15898960"
"YHOO","42.66","2015-03-03","14:35:43","15915842"
"YHOO","42.67","2015-03-03","14:36:44","15975497"
"YHOO","42.67","2015-03-03","14:37:44","16005882"
"YHOO","42.64","2015-03-03","14:38:45","16027461"
"YHOO","42.66","2015-03-03","14:39:45","16054482"
"YHOO","42.65","2015-03-03","14:40:46","16057112"
"YHOO","42.65","2015-03-03","14:41:46","16063600"
"YHOO","42.65","2015-03-03","14:42:46","16087843"
"YHOO","42.69","2015-03-03","14:44:09","16162772"
"YHOO","42.67","2015-03-03","14:45:10","16197723"
"YHOO","42.66","2015-03-03","14:46:10","16221078"
"YHOO","42.64","2015-03-03","14:47:12","16258414"
"YHOO","42.65","2015-03-03","14:48:12","16290575"
"YHOO","42.64","2015-03-03","14:49:18","16388100"
"YHOO","42.64","2015-03-03","14:50:19","16416747"
"YHOO","42.65","2015-03-03","14:51:20","16455829"
"YHOO","42.65","2015-03-03","14:52:21","16501412"
"YHOO","42.65","2015-03-03","14:53:21","16513361"
"YHOO","42.62","2015-03-03","14:54:22","16593090"
"YHOO","42.60","2015-03-03","14:55:22","16638884"
"YHOO","42.58","2015-03-03","14:56:23","16676209"
"YHOO","42.56","2015-03-03","14:57:23","16708114"
"YHOO","42.60","2015-03-03","14:58:24","16774302"
"YHOO","42.61","2015-03-03","14:59:24","16797596"
"YHOO","42.60","2015-03-03","15:00:25","16814428"
"YHOO","42.57","2015-03-03","15:01:25","17018700"
"YHOO","42.54","2015-03-03","15:02:26","17084424"
"YHOO","42.55","2015-03-03","15:03:26","17243200"
"YHOO","42.57","2015-03-03","15:04:27","17274682"
"YHOO","42.55","2015-03-03","15:05:27","17292962"
"YHOO","42.55","2015-03-03","15:06:28","17318546"
"YHOO","42.55","2015-03-03","15:07:28","17343038"
"YHOO","42.56","2015-03-03","15:08:28","17386636"
"YHOO","42.55","2015-03-03","15:09:29","17399954"
"YHOO","42.55","2015-03-03","15:10:29","17429460"
"YHOO","42.55","2015-03-03","15:11:30","17448560"
"YHOO","42.57","2015-03-03","15:12:31","17473924"
"YHOO","42.57","2015-03-03","15:13:31","17561244"
"YHOO","42.55","2015-03-03","15:14:31","17626778"
"YHOO","42.54","2015-03-03","15:15:32","17663448"
"YHOO","42.55","2015-03-03","15:16:33","17669510"
"YHOO","42.56","2015-03-03","15:18:39","17712488"
"YHOO","42.56","2015-03-03","15:19:40","17723528"
"YHOO","42.54","2015-03-03","15:20:40","17741948"
"YHOO","42.54","2015-03-03","15:21:41","17758024"
"YHOO","42.55","2015-03-03","15:22:42","17797314"
"YHOO","42.55","2015-03-03","15:23:42","17804938"
"YHOO","42.52","2015-03-03","15:24:43","17845284"
"YHOO","42.53","2015-03-03","15:25:43","17918366"
"YHOO","42.52","2015-03-03","15:26:44","17930204"
"YHOO","42.53","2015-03-03","15:27:45","17936760"
"YHOO","42.55","2015-03-03","15:28:45","17973428"
"YHOO","42.52","2015-03-03","15:29:46","18001356"
"YHOO","42.52","2015-03-03","15:30:46","18025928"
"YHOO","42.55","2015-03-03","15:31:47","18066344"
"YHOO","42.56","2015-03-03","15:32:47","18123688"
"YHOO","42.60","2015-03-03","15:33:48","18176464"
"YHOO","42.62","2015-03-03","15:34:49","18238656"
"YHOO","42.63","2015-03-03","15:35:50","18277424"
"YHOO","42.61","2015-03-03","15:36:50","18296516"
"YHOO","42.61","2015-03-03","15:37:51","18308832"
"YHOO","42.65","2015-03-03","15:38:52","18362876"
"YHOO","42.67","2015-03-03","15:39:53","18386020"
"YHOO","42.67","2015-03-03","15:40:53","18418452"
"YHOO","42.65","2015-03-03","15:41:54","18453156"
"YHOO","42.64","2015-03-03","15:42:54","18474156"
"YHOO","42.64","2015-03-03","15:43:55","18500512"
"YHOO","42.64","2015-03-03","15:44:55","18527884"
"YHOO","42.63","2015-03-03","15:45:56","18571084"
"YHOO","42.63","2015-03-03","15:46:56","18597662"
"YHOO","42.64","2015-03-03","15:47:57","18671244"
"YHOO","42.64","2015-03-03","15:48:57","18683542"
"YHOO","42.66","2015-03-03","15:49:58","18731244"
"YHOO","42.66","2015-03-03","15:50:58","18760826"
"YHOO","42.66","2015-03-03","15:51:59","18869562"
"YHOO","42.68","2015-03-03","15:52:59","18910752"
"YHOO","42.64","2015-03-03","15:54:00","19077900"
"YHOO","42.65","2015-03-03","15:55:00","19098892"
"YHOO","42.64","2015-03-03","15:56:01","19173782"
"YHOO","42.65","2015-03-03","15:57:01","19220376"
"YHOO","42.65","2015-03-03","15:58:02","19308400"
"YHOO","42.66","2015-03-03","15:59:02","19346804"
"YHOO","42.64","2015-03-03","16:00:03","19376908"
"YHOO","42.65","2015-03-03","16:01:04","19434428"
"YHOO","42.64","2015-03-03","16:02:04","19556756"
"YHOO","42.66","2015-03-03","16:03:05","19739566"
"YHOO","42.65","2015-03-03","16:04:05","19871800"
"YHOO","42.64","2015-03-03","16:05:06","19956434"
"YHOO","42.65","2015-03-03","16:06:06","20008552"
"YHOO","42.65","2015-03-03","16:07:07","20071264"
"YHOO","42.64","2015-03-03","16:08:07","20267512"
"YHOO","42.66","2015-03-03","16:09:08","20388044"
"YHOO","42.66","2015-03-03","16:10:08","20532068"
"YHOO","42.66","2015-03-03","16:11:09","20727810"
"YHOO","42.64","2015-03-03","16:12:10","20897706"
"YHOO","42.60","2015-03-03","16:13:14","21049960"
"YHOO","42.64","2015-03-03","16:14:15","21180536"
"YHOO","42.62","2015-03-03","16:15:16","22242030"
"YHOO","42.62","2015-03-03","16:16:17","22242080"
"YHOO","42.62","2015-03-03","16:17:17","22242242"
"YHOO","42.62","2015-03-03","16:18:18","22242242"
"YHOO","42.62","2015-03-03","16:19:18","22242242"
"YHOO","42.62","2015-03-03","16:20:19","22242242"
"YHOO","42.62","2015-03-03","16:21:19","22242242"
"YHOO","42.62","2015-03-03","16:22:20","22242542"
"YHOO","42.62","2015-03-03","16:23:20","22242542"
"YHOO","42.62","2015-03-03","16:24:21","22242842"
"YHOO","42.62","2015-03-03","16:25:21","22242842"
"YHOO","42.62","2015-03-03","16:26:22","22242842"
"YHOO","42.62","2015-03-03","16:27:23","22242842"
"YHOO","42.62","2015-03-03","16:28:24","22244040"
"YHOO","42.62","2015-03-03","16:29:25","22244040"
"YHOO","42.62","2015-03-03","16:30:26","22246242"
"YHOO","42.62","2015-03-03","16:31:27","22246342"
"YHOO","42.62","2015-03-03","16:32:28","22246782"
"YHOO","42.62","2015-03-03","16:33:29","22246782"
"YHOO","42.62","2015-03-03","16:34:29","22279912"
"YHOO","42.62","2015-03-03","16:35:31","22279912"
"YHOO","42.62","2015-03-03","16:36:32","22279912"
"YHOO","42.62","2015-03-03","16:37:32","22283224"
"YHOO","42.62","2015-03-03","16:38:33","22283224"
"YHOO","42.62","2015-03-03","16:39:33","22283224"
"YHOO","42.62","2015-03-03","16:40:33","22283224"
"YHOO","42.62","2015-03-03","16:41:34","22283224"
"YHOO","42.62","2015-03-03","16:42:35","22283272"
"YHOO","42.62","2015-03-03","16:43:35","22283272"
"YHOO","42.62","2015-03-03","16:44:36","22283272"
"YHOO","42.62","2015-03-03","16:45:36","22290964"
"YHOO","43.25","2015-03-04","12:01:32","15633665"
"YHOO","43.16","2015-03-04","12:02:33","15716288"
"YHOO","43.15","2015-03-04","12:03:33","15782772"
"YHOO","43.13","2015-03-04","12:04:34","15821121"
"YHOO","43.15","2015-03-04","12:05:34","15855823"
"YHOO","43.13","2015-03-04","12:06:37","15892889"
"YHOO","43.16","2015-03-04","12:07:39","15915839"
"YHOO","43.14","2015-03-04","12:08:40","15941631"
"YHOO","43.20","2015-03-04","12:09:41","15964616"
"YHOO","43.15","2015-03-04","12:10:43","15984362"
"YHOO","43.20","2015-03-04","12:11:43","16008167"
"YHOO","43.20","2015-03-04","12:12:45","16032263"
"YHOO","43.20","2015-03-04","12:13:46","16046612"
"YHOO","43.19","2015-03-04","12:14:47","16070972"
"YHOO","43.25","2015-03-04","12:15:47","16117811"
"YHOO","43.27","2015-03-04","12:16:48","16136952"
"YHOO","43.27","2015-03-04","12:17:49","16148887"
"YHOO","43.26","2015-03-04","12:18:49","16168719"
"YHOO","43.30","2015-03-04","12:19:50","16182051"
"YHOO","43.29","2015-03-04","12:20:50","16211668"
"YHOO","43.33","2015-03-04","12:21:51","16294916"
"YHOO","43.40","2015-03-04","12:22:52","16347537"
"YHOO","43.41","2015-03-04","12:23:53","16410052"
"YHOO","43.41","2015-03-04","12:24:54","16438422"
"YHOO","43.43","2015-03-04","12:25:55","16454297"
"YHOO","43.43","2015-03-04","12:26:56","16531615"
"YHOO","43.46","2015-03-04","12:27:58","16546847"
"YHOO","43.49","2015-03-04","12:28:59","16614630"
"YHOO","43.53","2015-03-04","12:30:00","16669125"
"YHOO","43.50","2015-03-04","12:31:00","16765555"
"YHOO","43.54","2015-03-04","12:32:01","16811450"
"YHOO","43.58","2015-03-04","12:33:01","16906348"
"YHOO","43.52","2015-03-04","12:34:02","16960928"
"YHOO","43.57","2015-03-04","12:35:04","16988228"
"YHOO","43.57","2015-03-04","12:36:04","17033326"
"YHOO","43.56","2015-03-04","12:37:04","17067888"
"YHOO","43.62","2015-03-04","12:38:05","17143624"
"YHOO","43.57","2015-03-04","12:39:05","17210894"
"YHOO","43.53","2015-03-04","12:40:06","17238600"
"YHOO","43.56","2015-03-04","12:41:06","17256952"
"YHOO","43.58","2015-03-04","12:42:06","17287492"
"YHOO","43.63","2015-03-04","12:43:07","17325956"
"YHOO","43.62","2015-03-04","12:44:07","17369678"
"YHOO","43.63","2015-03-04","12:45:10","17383644"
"YHOO","43.64","2015-03-04","12:46:10","17403112"
"YHOO","43.64","2015-03-04","12:47:11","17435630"
"YHOO","43.65","2015-03-04","12:48:11","17483492"
"YHOO","43.70","2015-03-04","12:49:15","17560108"
"YHOO","43.65","2015-03-04","12:50:15","17626732"
"YHOO","43.64","2015-03-04","12:51:16","17682574"
"YHOO","43.60","2015-03-04","12:52:17","17765312"
"YHOO","43.63","2015-03-04","12:53:18","17821536"
"YHOO","43.64","2015-03-04","12:54:19","17868532"
"YHOO","43.57","2015-03-04","12:55:20","17940322"
"YHOO","43.54","2015-03-04","12:56:22","18117412"
"YHOO","43.45","2015-03-04","12:57:25","18433556"
"YHOO","43.52","2015-03-04","12:58:28","18514714"
"YHOO","43.50","2015-03-04","12:59:29","18576144"
"YHOO","43.51","2015-03-04","13:00:29","18651142"
"YHOO","43.51","2015-03-04","13:01:30","18715352"
"YHOO","43.55","2015-03-04","13:02:31","18799088"
"YHOO","43.57","2015-03-04","13:03:31","18813418"
"YHOO","43.57","2015-03-04","13:04:32","18842452"
"YHOO","43.57","2015-03-04","13:05:32","18916968"
"YHOO","43.60","2015-03-04","13:06:33","18955464"
"YHOO","43.62","2015-03-04","13:07:33","18981200"
"YHOO","43.64","2015-03-04","13:08:34","18988106"
"YHOO","43.63","2015-03-04","13:09:34","19010626"
"YHOO","43.59","2015-03-04","13:10:35","19039564"
"YHOO","43.58","2015-03-04","13:11:36","19090092"
"YHOO","43.60","2015-03-04","13:12:37","19151142"
"YHOO","43.61","2015-03-04","13:13:37","19190780"
"YHOO","43.59","2015-03-04","13:14:38","19201940"
"YHOO","43.56","2015-03-04","13:15:38","19216740"
"YHOO","43.58","2015-03-04","13:16:39","19224984"
"YHOO","43.57","2015-03-04","13:17:39","19232116"
"YHOO","43.60","2015-03-04","13:18:40","19242410"
"YHOO","43.59","2015-03-04","13:19:40","19253760"
"YHOO","43.58","2015-03-04","13:20:41","19265944"
"YHOO","43.68","2015-03-04","13:21:41","19303692"
"YHOO","43.68","2015-03-04","13:22:42","19317096"
"YHOO","43.69","2015-03-04","13:23:42","19348028"
"YHOO","43.70","2015-03-04","13:24:45","19379216"
"YHOO","43.70","2015-03-04","13:25:48","19417746"
"YHOO","43.73","2015-03-04","13:26:48","19463200"
"YHOO","43.72","2015-03-04","13:27:49","19492232"
"YHOO","43.75","2015-03-04","13:28:49","19540460"
"YHOO","43.75","2015-03-04","13:29:50","19606956"
"YHOO","43.75","2015-03-04","13:30:50","19624082"
"YHOO","43.74","2015-03-04","13:31:51","19660814"
"YHOO","43.71","2015-03-04","13:32:51","19673836"
"YHOO","43.72","2015-03-04","13:33:52","19684028"
"YHOO","43.73","2015-03-04","13:34:53","19693004"
"YHOO","43.71","2015-03-04","13:35:54","19722276"
"YHOO","43.71","2015-03-04","13:36:55","19737598"
"YHOO","43.77","2015-03-04","13:37:55","19765482"
"YHOO","43.79","2015-03-04","13:38:55","19807492"
"YHOO","43.82","2015-03-04","13:39:56","19858062"
"YHOO","43.83","2015-03-04","13:40:57","19888604"
"YHOO","43.83","2015-03-04","13:41:57","19958782"
"YHOO","43.84","2015-03-04","13:42:58","19964196"
"YHOO","43.85","2015-03-04","13:43:58","19987912"
"YHOO","43.82","2015-03-04","13:44:59","20014572"
"YHOO","43.83","2015-03-04","13:46:00","20040540"
"YHOO","43.77","2015-03-04","13:47:01","20088420"
"YHOO","43.77","2015-03-04","13:48:01","20099060"
"YHOO","43.78","2015-03-04","13:49:02","20123592"
"YHOO","43.75","2015-03-04","13:50:05","20160046"
"YHOO","43.78","2015-03-04","13:51:06","20175912"
"YHOO","43.76","2015-03-04","13:52:07","20219122"
"YHOO","43.75","2015-03-04","13:53:07","20267252"
"YHOO","43.77","2015-03-04","13:54:07","20280900"
"YHOO","43.76","2015-03-04","13:55:08","20315364"
"YHOO","43.78","2015-03-04","13:56:08","20342714"
"YHOO","43.77","2015-03-04","13:57:09","20355068"
"YHOO","43.77","2015-03-04","13:58:09","20370852"
"YHOO","43.76","2015-03-04","13:59:10","20402800"
"YHOO","43.74","2015-03-04","14:00:11","20417922"
"YHOO","43.75","2015-03-04","14:01:11","20430100"
"YHOO","43.69","2015-03-04","14:02:11","20535162"
"YHOO","43.67","2015-03-04","14:03:12","20545094"
"YHOO","43.68","2015-03-04","14:04:12","20549826"
"YHOO","43.73","2015-03-04","14:05:13","20592548"
"YHOO","43.72","2015-03-04","14:06:13","20609894"
"YHOO","43.78","2015-03-04","14:07:13","20666592"
"YHOO","43.81","2015-03-04","14:08:14","20684088"
"YHOO","43.80","2015-03-04","14:09:14","20698032"
"YHOO","43.76","2015-03-04","14:10:15","20741260"
"YHOO","43.72","2015-03-04","14:11:16","20761600"
"YHOO","43.74","2015-03-04","14:12:16","20787740"
"YHOO","43.73","2015-03-04","14:13:16","20816918"
"YHOO","43.68","2015-03-04","14:14:17","20834722"
"YHOO","43.70","2015-03-04","14:15:17","20853014"
"YHOO","43.72","2015-03-04","14:16:18","20889172"
"YHOO","43.72","2015-03-04","14:17:18","20921164"
"YHOO","43.74","2015-03-04","14:18:18","20962408"
"YHOO","43.73","2015-03-04","14:19:19","21023658"
"YHOO","43.82","2015-03-04","14:20:19","21180928"
"YHOO","43.79","2015-03-04","14:21:20","21206804"
"YHOO","43.84","2015-03-04","14:22:21","21245198"
"YHOO","43.86","2015-03-04","14:23:21","21287200"
"YHOO","43.86","2015-03-04","14:24:22","21323096"
"YHOO","43.87","2015-03-04","14:25:23","21360010"
"YHOO","43.87","2015-03-04","14:26:23","21481024"
"YHOO","43.82","2015-03-04","14:27:24","21510024"
"YHOO","43.85","2015-03-04","14:28:25","21535270"
"YHOO","43.83","2015-03-04","14:29:25","21594272"
"YHOO","43.82","2015-03-04","14:30:25","21635808"
"YHOO","43.83","2015-03-04","14:31:26","21665770"
"YHOO","43.84","2015-03-04","14:32:26","21710792"
"YHOO","43.89","2015-03-04","14:33:27","21730308"
"YHOO","43.88","2015-03-04","14:34:28","21755358"
"YHOO","43.89","2015-03-04","14:35:28","21777576"
"YHOO","43.90","2015-03-04","14:36:28","21840728"
"YHOO","43.91","2015-03-04","14:37:29","21854972"
"YHOO","43.91","2015-03-04","14:38:30","21873656"
"YHOO","43.91","2015-03-04","14:39:30","21944036"
"YHOO","43.90","2015-03-04","14:40:31","21974672"
"YHOO","43.90","2015-03-04","14:41:31","21981188"
"YHOO","43.89","2015-03-04","14:42:32","22026726"
"YHOO","43.91","2015-03-04","14:43:32","22053580"
"YHOO","43.92","2015-03-04","14:44:33","22072028"
"YHOO","43.90","2015-03-04","14:45:34","22101488"
"YHOO","43.97","2015-03-04","14:46:34","22228552"
"YHOO","43.98","2015-03-04","14:47:35","22260306"
"YHOO","44.00","2015-03-04","14:48:35","22388326"
"YHOO","43.98","2015-03-04","14:49:36","22547316"
"YHOO","43.97","2015-03-04","14:50:37","22613366"
"YHOO","43.98","2015-03-04","14:51:37","22646774"
"YHOO","43.99","2015-03-04","14:52:38","22676670"
"YHOO","43.94","2015-03-04","14:53:40","22727708"
"YHOO","43.90","2015-03-04","14:54:40","22804848"
"YHOO","43.91","2015-03-04","14:55:41","22817268"
"YHOO","43.95","2015-03-04","14:56:41","22872802"
"YHOO","43.96","2015-03-04","14:57:42","22926802"
"YHOO","43.97","2015-03-04","14:58:42","22946770"
"YHOO","43.98","2015-03-04","14:59:43","22988772"
"YHOO","43.99","2015-03-04","15:00:44","22998246"
"YHOO","43.97","2015-03-04","15:01:44","23019316"
"YHOO","43.99","2015-03-04","15:02:45","23046470"
"YHOO","44.00","2015-03-04","15:03:46","23104166"
"YHOO","44.00","2015-03-04","15:04:46","23107752"
"YHOO","43.99","2015-03-04","15:05:47","23134952"
"YHOO","44.00","2015-03-04","15:06:48","23214588"
"YHOO","43.97","2015-03-04","15:07:49","23282252"
"YHOO","44.03","2015-03-04","15:08:49","23304104"
"YHOO","44.01","2015-03-04","15:09:50","23316520"
"YHOO","44.04","2015-03-04","15:10:52","23336440"
"YHOO","44.06","2015-03-04","15:11:52","23363076"
"YHOO","44.06","2015-03-04","15:12:53","23387584"
"YHOO","44.08","2015-03-04","15:13:54","23396960"
"YHOO","44.08","2015-03-04","15:14:54","23407420"
"YHOO","44.09","2015-03-04","15:15:54","23456872"
"YHOO","44.11","2015-03-04","15:16:55","23502808"
"YHOO","44.11","2015-03-04","15:17:55","23583536"
"YHOO","44.13","2015-03-04","15:18:56","23654012"
"YHOO","44.16","2015-03-04","15:19:56","23708190"
"YHOO","44.17","2015-03-04","15:20:57","23798556"
"YHOO","44.17","2015-03-04","15:21:57","23848636"
"YHOO","44.17","2015-03-04","15:22:58","23876676"
"YHOO","44.20","2015-03-04","15:23:58","23897508"
"YHOO","44.20","2015-03-04","15:24:59","23938940"
"YHOO","44.24","2015-03-04","15:26:00","24060192"
"YHOO","44.25","2015-03-04","15:27:00","24119738"
"YHOO","44.25","2015-03-04","15:28:01","24177172"
"YHOO","44.28","2015-03-04","15:29:01","24258970"
"YHOO","44.29","2015-03-04","15:30:02","24320048"
"YHOO","44.35","2015-03-04","15:31:02","24591486"
"YHOO","44.32","2015-03-04","15:32:03","24675452"
"YHOO","44.29","2015-03-04","15:33:04","24744326"
"YHOO","44.24","2015-03-04","15:34:05","24820256"
"YHOO","44.21","2015-03-04","15:35:07","24895632"
"YHOO","44.24","2015-03-04","15:36:08","24965316"
"YHOO","44.25","2015-03-04","15:37:09","24990908"
"YHOO","44.25","2015-03-04","15:38:10","25009596"
"YHOO","44.25","2015-03-04","15:39:10","25024580"
"YHOO","44.29","2015-03-04","15:40:11","25066284"
"YHOO","44.21","2015-03-04","15:41:11","25138616"
"YHOO","44.21","2015-03-04","15:42:12","25183860"
"YHOO","44.17","2015-03-04","15:43:12","25226224"
"YHOO","44.18","2015-03-04","15:44:13","25250904"
"YHOO","44.16","2015-03-04","15:45:13","25277194"
"YHOO","44.20","2015-03-04","15:46:14","25367788"
"YHOO","44.17","2015-03-04","15:47:15","25422820"
"YHOO","44.18","2015-03-04","15:48:16","25460380"
"YHOO","44.21","2015-03-04","15:49:17","25567428"
"YHOO","44.19","2015-03-04","15:50:17","25611636"
"YHOO","44.14","2015-03-04","15:51:18","25653976"
"YHOO","44.19","2015-03-04","15:52:19","25686720"
"YHOO","44.15","2015-03-04","15:53:19","25749236"
"YHOO","44.15","2015-03-04","15:54:20","25781188"
"YHOO","44.13","2015-03-04","15:55:20","25827668"
"YHOO","44.12","2015-03-04","15:56:21","25878788"
"YHOO","44.09","2015-03-04","15:57:22","25974628"
"YHOO","44.11","2015-03-04","15:58:23","26046584"
"YHOO","44.10","2015-03-04","15:59:24","26111226"
"YHOO","44.12","2015-03-04","16:00:27","26144526"
"YHOO","44.08","2015-03-04","16:01:29","26187586"
"YHOO","44.06","2015-03-04","16:02:29","26343168"
"YHOO","44.08","2015-03-04","16:03:30","26391424"
"YHOO","44.07","2015-03-04","16:04:30","26412434"
"YHOO","44.05","2015-03-04","16:05:31","26497180"
"YHOO","44.06","2015-03-04","16:06:31","26604472"
"YHOO","44.08","2015-03-04","16:07:32","26684220"
"YHOO","44.06","2015-03-04","16:08:32","26748410"
"YHOO","44.04","2015-03-04","16:09:33","26902974"
"YHOO","43.96","2015-03-05","11:56:10","5145300"
"YHOO","44.04","2015-03-05","11:57:13","5264245"
"YHOO","44.03","2015-03-05","11:58:13","5290353"
"YHOO","44.03","2015-03-05","11:59:14","5312221"
"YHOO","44.02","2015-03-05","12:00:16","5322077"
"YHOO","44.00","2015-03-05","12:01:17","5336243"
"YHOO","44.03","2015-03-05","12:02:18","5350028"
"YHOO","44.02","2015-03-05","12:03:20","5355500"
"YHOO","44.00","2015-03-05","12:04:21","5366386"
"YHOO","44.00","2015-03-05","12:05:21","5375832"
"YHOO","44.01","2015-03-05","12:06:23","5377937"
"YHOO","44.01","2015-03-05","12:07:25","5383130"
"YHOO","43.99","2015-03-05","12:08:25","5392271"
"YHOO","44.01","2015-03-05","12:09:26","5406909"
"YHOO","44.01","2015-03-05","12:10:28","5419504"
"YHOO","44.00","2015-03-05","12:11:28","5448748"
"YHOO","44.00","2015-03-05","12:12:29","5451500"
"YHOO","44.00","2015-03-05","12:13:30","5478407"
"YHOO","44.00","2015-03-05","12:14:31","5508076"
"YHOO","44.00","2015-03-05","12:15:32","5512808"
"YHOO","44.00","2015-03-05","12:16:33","5517199"
"YHOO","44.00","2015-03-05","12:17:34","5523894"
"YHOO","44.06","2015-03-05","12:18:35","5582813"
"YHOO","44.06","2015-03-05","12:19:35","5610073"
"YHOO","44.04","2015-03-05","12:20:36","5632616"
"YHOO","44.02","2015-03-05","12:21:37","5641559"
"YHOO","44.05","2015-03-05","12:22:37","5702487"
"YHOO","44.04","2015-03-05","12:23:39","5725544"
"YHOO","44.00","2015-03-05","12:24:40","5756429"
"YHOO","43.99","2015-03-05","12:25:40","5789424"
"YHOO","43.97","2015-03-05","12:26:41","5796417"
"YHOO","43.95","2015-03-05","12:27:41","5810941"
"YHOO","43.91","2015-03-05","12:28:42","5835289"
"YHOO","43.89","2015-03-05","12:29:43","5854741"
"YHOO","43.88","2015-03-05","12:30:44","5880583"
"YHOO","43.86","2015-03-05","12:31:44","5883629"
"YHOO","43.88","2015-03-05","12:32:45","5895780"
"YHOO","43.89","2015-03-05","12:33:46","5908212"
"YHOO","43.88","2015-03-05","12:34:46","5913116"
"YHOO","43.85","2015-03-05","12:35:47","5933462"
"YHOO","43.87","2015-03-05","12:36:47","5941177"
"YHOO","43.88","2015-03-05","12:37:47","5943303"
"YHOO","43.86","2015-03-05","12:40:00","5967772"
"YHOO","43.85","2015-03-05","12:41:01","5980366"
"YHOO","43.88","2015-03-05","12:42:02","5995446"
"YHOO","43.88","2015-03-05","12:43:03","6010569"
"YHOO","43.87","2015-03-05","12:44:03","6050523"
"YHOO","43.87","2015-03-05","12:45:04","6058486"
"YHOO","43.85","2015-03-05","12:46:04","6065524"
"YHOO","43.89","2015-03-05","12:47:05","6090469"
"YHOO","43.95","2015-03-05","12:48:05","6119856"
"YHOO","43.93","2015-03-05","12:49:06","6137849"
"YHOO","43.90","2015-03-05","12:50:06","6143597"
"YHOO","43.88","2015-03-05","12:51:07","6156957"
"YHOO","43.90","2015-03-05","12:52:07","6159003"
"YHOO","43.89","2015-03-05","12:53:08","6165866"
"YHOO","43.89","2015-03-05","12:54:08","6171389"
"YHOO","43.88","2015-03-05","12:55:09","6177616"
"YHOO","43.84","2015-03-05","12:56:10","6202057"
"YHOO","43.83","2015-03-05","12:57:10","6208707"
"YHOO","43.83","2015-03-05","12:58:11","6211893"
"YHOO","43.81","2015-03-05","12:59:12","6225393"
"YHOO","43.82","2015-03-05","13:00:13","6242571"
"YHOO","43.78","2015-03-05","13:01:13","6286658"
"YHOO","43.76","2015-03-05","13:02:14","6348183"
"YHOO","43.78","2015-03-05","13:03:15","6382091"
"YHOO","43.80","2015-03-05","13:04:16","6399228"
"YHOO","43.80","2015-03-05","13:05:17","6413654"
"YHOO","43.80","2015-03-05","13:06:17","6437732"
"YHOO","43.77","2015-03-05","13:07:18","6449047"
"YHOO","43.79","2015-03-05","13:08:18","6455048"
"YHOO","43.79","2015-03-05","13:09:19","6483999"
"YHOO","43.77","2015-03-05","13:10:20","6489801"
"YHOO","43.75","2015-03-05","13:11:20","6530496"
"YHOO","43.76","2015-03-05","13:12:21","6540447"
"YHOO","43.75","2015-03-05","13:13:21","6558714"
"YHOO","43.77","2015-03-05","13:14:22","6576795"
"YHOO","43.75","2015-03-05","13:15:23","6587037"
"YHOO","43.77","2015-03-05","13:16:24","6624532"
"YHOO","43.77","2015-03-05","13:17:24","6651141"
"YHOO","43.75","2015-03-05","13:18:25","6675384"
"YHOO","43.75","2015-03-05","13:19:25","6679694"
"YHOO","43.76","2015-03-05","13:20:26","6745545"
"YHOO","43.75","2015-03-05","13:21:27","6750070"
"YHOO","43.79","2015-03-05","13:22:27","6785494"
"YHOO","43.80","2015-03-05","13:23:28","6800757"
"YHOO","43.78","2015-03-05","13:24:28","6806559"
"YHOO","43.75","2015-03-05","13:25:29","6825995"
"YHOO","43.79","2015-03-05","13:26:29","6854843"
"YHOO","43.77","2015-03-05","13:27:30","6923486"
"YHOO","43.76","2015-03-05","13:28:31","6934188"
"YHOO","43.75","2015-03-05","13:29:32","6939735"
"YHOO","43.80","2015-03-05","13:30:32","6979360"
"YHOO","43.76","2015-03-05","13:31:32","7009158"
"YHOO","43.76","2015-03-05","13:32:33","7012166"
"YHOO","43.75","2015-03-05","13:33:35","7029086"
"YHOO","43.76","2015-03-05","13:34:35","7064384"
"YHOO","43.76","2015-03-05","13:35:36","7094994"
"YHOO","43.76","2015-03-05","13:36:36","7114178"
"YHOO","43.76","2015-03-05","13:37:37","7146707"
"YHOO","43.77","2015-03-05","13:38:37","7154229"
"YHOO","43.81","2015-03-05","13:39:38","7183026"
"YHOO","43.87","2015-03-05","13:40:39","7221699"
"YHOO","43.87","2015-03-05","13:41:39","7250914"
"YHOO","43.86","2015-03-05","13:42:40","7259753"
"YHOO","43.87","2015-03-05","13:43:40","7263018"
"YHOO","43.85","2015-03-05","13:44:41","7278806"
"YHOO","43.83","2015-03-05","13:45:41","7282547"
"YHOO","43.85","2015-03-05","13:46:42","7287110"
"YHOO","43.89","2015-03-05","13:47:42","7297036"
"YHOO","43.89","2015-03-05","13:48:43","7306445"
"YHOO","43.90","2015-03-05","13:49:43","7311741"
"YHOO","43.91","2015-03-05","13:50:44","7319489"
"YHOO","43.91","2015-03-05","13:51:44","7324605"
"YHOO","43.91","2015-03-05","13:52:45","7337986"
"YHOO","43.91","2015-03-05","13:53:45","7349883"
"YHOO","43.89","2015-03-05","13:54:46","7357865"
"YHOO","43.89","2015-03-05","13:55:47","7371228"
"YHOO","43.90","2015-03-05","13:56:47","7379521"
"YHOO","43.94","2015-03-05","13:57:48","7394214"
"YHOO","43.94","2015-03-05","13:58:48","7401739"
"YHOO","43.97","2015-03-05","13:59:49","7436973"
"YHOO","43.98","2015-03-05","14:00:53","7445893"
"YHOO","43.97","2015-03-05","14:01:54","7455719"
"YHOO","43.98","2015-03-05","14:02:55","7472553"
"YHOO","43.98","2015-03-05","14:03:56","7477861"
"YHOO","43.98","2015-03-05","14:04:58","7486381"
"YHOO","43.98","2015-03-05","14:05:59","7496850"
"YHOO","44.02","2015-03-05","14:07:00","7657179"
"YHOO","44.03","2015-03-05","14:08:00","7675441"
"YHOO","44.03","2015-03-05","14:09:03","7690748"
"YHOO","44.05","2015-03-05","14:10:06","7704530"
"YHOO","44.05","2015-03-05","14:11:07","7708564"
"YHOO","44.04","2015-03-05","14:12:07","7722471"
"YHOO","44.05","2015-03-05","14:13:08","7732768"
"YHOO","44.04","2015-03-05","14:14:09","7750560"
"YHOO","44.05","2015-03-05","14:15:09","7764667"
"YHOO","44.05","2015-03-05","14:16:10","7778419"
"YHOO","44.08","2015-03-05","14:17:11","7792951"
"YHOO","44.10","2015-03-05","14:18:12","7811235"
"YHOO","44.13","2015-03-05","14:19:12","7857173"
"YHOO","44.11","2015-03-05","14:20:13","7941047"
"YHOO","44.11","2015-03-05","14:21:13","8088364"
"YHOO","44.11","2015-03-05","14:22:14","8093171"
"YHOO","44.14","2015-03-05","14:23:14","8153450"
"YHOO","44.17","2015-03-05","14:24:14","8184517"
"YHOO","44.14","2015-03-05","14:25:15","8244552"
"YHOO","44.14","2015-03-05","14:26:17","8272909"
"YHOO","44.13","2015-03-05","14:27:17","8283063"
"YHOO","44.11","2015-03-05","14:28:18","8294233"
"YHOO","44.10","2015-03-05","14:29:18","8309719"
"YHOO","44.13","2015-03-05","14:30:19","8336628"
"YHOO","44.14","2015-03-05","14:31:19","8360576"
"YHOO","44.14","2015-03-05","14:32:20","8376701"
"YHOO","44.14","2015-03-05","14:33:20","8381871"
"YHOO","44.14","2015-03-05","14:34:21","8394833"
"YHOO","44.12","2015-03-05","14:35:24","8438023"
"YHOO","44.14","2015-03-05","14:36:24","8453157"
"YHOO","44.14","2015-03-05","14:37:25","8487478"
"YHOO","44.12","2015-03-05","14:38:25","8496589"
"YHOO","44.10","2015-03-05","14:39:25","8544608"
"YHOO","44.12","2015-03-05","14:40:26","8571357"
"YHOO","44.14","2015-03-05","14:41:28","8579074"
"YHOO","44.12","2015-03-05","14:42:28","8593253"
"YHOO","44.15","2015-03-05","14:43:29","8662505"
"YHOO","44.11","2015-03-05","14:44:30","8672813"
"YHOO","44.11","2015-03-05","14:45:31","8701942"
"YHOO","44.10","2015-03-05","14:46:31","8709177"
"YHOO","44.08","2015-03-05","14:47:32","8727899"
"YHOO","44.11","2015-03-05","14:48:32","8734036"
"YHOO","44.08","2015-03-05","14:49:34","8760718"
"YHOO","44.05","2015-03-05","14:50:34","8773877"
"YHOO","44.07","2015-03-05","14:51:35","8801552"
"YHOO","44.05","2015-03-05","14:52:36","8826724"
"YHOO","44.05","2015-03-05","14:53:37","8842749"
"YHOO","44.05","2015-03-05","14:54:37","8847669"
"YHOO","44.07","2015-03-05","14:55:38","8863017"
"YHOO","44.06","2015-03-05","14:56:38","8907039"
"YHOO","44.06","2015-03-05","14:57:39","8916770"
"YHOO","44.09","2015-03-05","14:58:40","8937290"
"YHOO","44.06","2015-03-05","14:59:41","8956144"
"YHOO","44.05","2015-03-05","15:00:41","8960113"
"YHOO","44.05","2015-03-05","15:01:42","8983849"
"YHOO","44.06","2015-03-05","15:02:43","8989669"
"YHOO","44.07","2015-03-05","15:03:43","8995197"
"YHOO","44.05","2015-03-05","15:04:44","9013099"
"YHOO","44.05","2015-03-05","15:05:44","9018984"
"YHOO","44.06","2015-03-05","15:06:45","9027440"
"YHOO","44.06","2015-03-05","15:07:46","9051819"
"YHOO","44.10","2015-03-05","15:08:46","9074163"
"YHOO","44.12","2015-03-05","15:09:47","9108641"
"YHOO","44.14","2015-03-05","15:10:47","9118386"
"YHOO","44.14","2015-03-05","15:11:48","9127056"
"YHOO","44.15","2015-03-05","15:12:48","9135149"
"YHOO","44.15","2015-03-05","15:13:49","9155874"
"YHOO","44.13","2015-03-05","15:14:49","9166178"
"YHOO","44.13","2015-03-05","15:15:50","9200126"
"YHOO","44.12","2015-03-05","15:16:50","9229471"
"YHOO","44.10","2015-03-05","15:17:51","9251548"
"YHOO","44.11","2015-03-05","15:18:51","9257065"
"YHOO","44.11","2015-03-05","15:19:52","9273210"
"YHOO","44.12","2015-03-05","15:20:53","9282108"
"YHOO","44.09","2015-03-05","15:21:53","9311964"
"YHOO","44.07","2015-03-05","15:22:54","9320318"
"YHOO","44.07","2015-03-05","15:23:54","9331538"
"YHOO","44.08","2015-03-05","15:25:02","9355272"
"YHOO","44.11","2015-03-05","15:27:33","9388546"
"YHOO","44.11","2015-03-05","15:29:35","9431937"
"YHOO","44.15","2015-03-05","15:30:35","9548994"
"YHOO","44.12","2015-03-05","15:31:36","9570965"
"YHOO","44.14","2015-03-05","15:32:36","9591569"
"YHOO","44.14","2015-03-05","15:33:36","9593448"
"YHOO","44.14","2015-03-05","15:34:37","9623699"
"YHOO","44.14","2015-03-05","15:35:37","9650936"
"YHOO","44.16","2015-03-05","15:36:38","9708037"
"YHOO","44.15","2015-03-05","15:37:39","9779095"
"YHOO","44.19","2015-03-05","15:38:39","9817371"
"YHOO","44.20","2015-03-05","15:39:39","9866786"
"YHOO","44.23","2015-03-05","15:40:40","9908329"
"YHOO","44.22","2015-03-05","15:41:41","9926143"
"YHOO","44.23","2015-03-05","15:42:42","9993965"
"YHOO","44.21","2015-03-05","15:43:43","10013064"
"YHOO","44.22","2015-03-05","15:44:43","10037513"
"YHOO","44.22","2015-03-05","15:45:44","10062417"
"YHOO","44.20","2015-03-05","15:46:44","10112693"
"YHOO","44.18","2015-03-05","15:47:45","10144527"
"YHOO","44.20","2015-03-05","15:48:46","10161714"
"YHOO","44.18","2015-03-05","15:49:49","10179501"
"YHOO","44.20","2015-03-05","15:50:49","10219724"
"YHOO","44.21","2015-03-05","15:51:51","10232562"
"YHOO","44.23","2015-03-05","15:52:52","10267043"
"YHOO","44.23","2015-03-05","15:53:52","10288047"
"YHOO","44.23","2015-03-05","15:54:53","10317621"
"YHOO","44.22","2015-03-05","15:55:55","10339643"
"YHOO","44.27","2015-03-05","15:56:55","10378871"
"YHOO","44.28","2015-03-05","15:57:56","10403351"
"YHOO","44.29","2015-03-05","15:58:57","10477872"
"YHOO","44.28","2015-03-05","15:59:58","10513511"
"YHOO","44.29","2015-03-05","16:00:58","10572307"
"YHOO","44.31","2015-03-05","16:01:59","10608774"
"YHOO","44.26","2015-03-05","16:02:59","10645068"
"YHOO","44.25","2015-03-05","16:04:01","10677234"
"YHOO","44.24","2015-03-05","16:05:02","10692557"
"YHOO","44.24","2015-03-05","16:06:03","10726512"
"YHOO","44.23","2015-03-05","16:07:05","10779923"
"YHOO","44.23","2015-03-05","16:08:06","10814163"
